season,K,init_scale,h,threshold,bets,wins,losses,win_pct,units,roi
2024,0.05,0.0,0.0,0.5238095238095238,68,37,31,0.5441,2.64,0.0388
2024,0.1,0.25,0.0,0.5238095238095238,150,77,73,0.5133,-3.0,-0.02
2024,0.2,1.0,0.1,0.5,241,120,121,0.4979,-11.91,-0.0494
2024,0.1,0.0,0.0,0.5238095238095238,127,63,64,0.4961,-6.73,-0.053
2024,0.2,1.0,0.0,0.5238095238095238,190,94,96,0.4947,-10.55,-0.0555
2024,0.1,0.5,0.05,0.5,239,118,121,0.4937,-13.73,-0.0574
2024,0.2,1.0,0.05,0.5,231,114,117,0.4935,-13.36,-0.0579
2024,0.1,0.5,0.0,0.5,223,110,113,0.4933,-13.0,-0.0583
2024,0.2,0.5,0.0,0.5,223,110,113,0.4933,-13.0,-0.0583
2024,0.2,1.0,0.0,0.5,223,110,113,0.4933,-13.0,-0.0583
2024,0.2,1.0,0.1,0.5238095238095238,209,103,106,0.4928,-12.36,-0.0592
2024,0.1,0.25,0.1,0.5238095238095238,195,96,99,0.4923,-11.73,-0.0601
2024,0.05,0.0,0.1,0.5238095238095238,175,86,89,0.4914,-10.82,-0.0618
2024,0.4,1.0,0.05,0.5,232,114,118,0.4914,-14.36,-0.0619
2024,0.2,0.5,0.05,0.5,232,114,118,0.4914,-14.36,-0.0619
2024,0.05,0.0,0.05,0.5238095238095238,110,54,56,0.4909,-6.91,-0.0628
2024,0.4,1.0,0.1,0.5238095238095238,210,103,107,0.4905,-13.36,-0.0636
2024,0.2,0.5,0.1,0.5238095238095238,208,102,106,0.4904,-13.27,-0.0638
2024,0.2,1.0,0.05,0.5238095238095238,196,96,100,0.4898,-12.73,-0.0649
2024,0.1,0.25,0.0,0.5,223,109,114,0.4888,-14.91,-0.0669
2024,0.4,1.0,0.0,0.5,223,109,114,0.4888,-14.91,-0.0669
2024,0.1,0.5,0.0,0.5238095238095238,178,87,91,0.4888,-11.91,-0.0669
2024,0.2,0.5,0.05,0.5238095238095238,197,96,101,0.4873,-13.73,-0.0697
2024,0.2,0.25,0.0,0.5238095238095238,177,86,91,0.4859,-12.82,-0.0724
2024,0.1,0.5,0.1,0.5,247,120,127,0.4858,-17.91,-0.0725
2024,0.05,0.25,0.05,0.5,243,118,125,0.4856,-17.73,-0.073
2024,0.05,0.25,0.0,0.5238095238095238,138,67,71,0.4855,-10.09,-0.0731
2024,0.1,0.25,0.05,0.5,241,117,124,0.4855,-17.64,-0.0732
2024,0.4,1.0,0.1,0.5,239,116,123,0.4854,-17.55,-0.0734
2024,0.1,0.25,0.05,0.5238095238095238,169,82,87,0.4852,-12.45,-0.0737
2024,0.2,0.25,0.0,0.5,223,108,115,0.4843,-16.82,-0.0754
2024,0.05,0.25,0.0,0.5,223,108,115,0.4843,-16.82,-0.0754
2024,0.1,0.5,0.1,0.5238095238095238,207,100,107,0.4831,-16.09,-0.0777
2024,0.05,0.5,0.1,0.5238095238095238,203,98,105,0.4828,-15.91,-0.0784
2024,0.4,1.0,0.0,0.5238095238095238,199,96,103,0.4824,-15.73,-0.079
2024,0.05,0.25,0.05,0.5238095238095238,162,78,84,0.4815,-13.09,-0.0808
2024,0.05,0.25,0.1,0.5238095238095238,189,91,98,0.4815,-15.27,-0.0808
2024,0.1,0.25,0.1,0.5,256,123,133,0.4805,-21.18,-0.0827
2024,0.1,0.0,0.1,0.5238095238095238,192,92,100,0.4792,-16.36,-0.0852
2024,0.05,0.5,0.05,0.5238095238095238,190,91,99,0.4789,-16.27,-0.0856
2024,0.1,0.5,0.05,0.5238095238095238,188,90,98,0.4787,-16.18,-0.0861
2024,0.05,0.5,0.0,0.5238095238095238,182,87,95,0.478,-15.91,-0.0874
2024,0.2,0.5,0.0,0.5238095238095238,182,87,95,0.478,-15.91,-0.0874
2024,0.2,0.5,0.1,0.5,243,116,127,0.4774,-21.55,-0.0887
2024,0.1,1.0,0.1,0.5238095238095238,216,103,113,0.4769,-19.36,-0.0896
2024,0.4,0.5,0.0,0.5238095238095238,204,97,107,0.4755,-18.82,-0.0922
2024,0.4,1.0,0.05,0.5238095238095238,202,96,106,0.4752,-18.73,-0.0927
2024,0.1,1.0,0.0,0.5238095238095238,202,96,106,0.4752,-18.73,-0.0927
2024,0.4,0.0,0.1,0.5,240,114,126,0.475,-22.36,-0.0932
2024,0.4,0.5,0.1,0.5238095238095238,215,102,113,0.4744,-20.27,-0.0943
2024,0.2,0.25,0.05,0.5,234,111,123,0.4744,-22.09,-0.0944
2024,0.05,0.5,0.1,0.5,251,119,132,0.4741,-23.82,-0.0949
2024,0.4,0.25,0.05,0.5,230,109,121,0.4739,-21.91,-0.0953
2024,0.4,0.5,0.05,0.5,230,109,121,0.4739,-21.91,-0.0953
2024,0.05,0.25,0.1,0.5,264,125,139,0.4735,-25.36,-0.0961
2024,0.1,1.0,0.05,0.5238095238095238,207,98,109,0.4734,-19.91,-0.0962
2024,0.05,0.5,0.05,0.5,237,112,125,0.4726,-23.18,-0.0978
2024,0.2,0.0,0.1,0.5,250,118,132,0.472,-24.73,-0.0989
2024,0.4,0.25,0.1,0.5,244,115,129,0.4713,-24.45,-0.1002
2024,0.4,0.5,0.0,0.5,223,105,118,0.4709,-22.55,-0.1011
2024,0.2,0.0,0.05,0.5,238,112,126,0.4706,-24.18,-0.1016
2024,0.4,0.5,0.1,0.5,234,110,124,0.4701,-24.0,-0.1026
2024,0.4,0.0,0.05,0.5,232,109,123,0.4698,-23.91,-0.1031
2024,0.2,0.25,0.1,0.5,245,115,130,0.4694,-25.45,-0.1039
2024,0.4,0.5,0.05,0.5238095238095238,207,97,110,0.4686,-21.82,-0.1054
2024,0.4,0.25,0.1,0.5238095238095238,207,97,110,0.4686,-21.82,-0.1054
2024,0.1,1.0,0.1,0.5,235,110,125,0.4681,-25.0,-0.1064
2024,0.1,1.0,0.05,0.5,233,109,124,0.4678,-24.91,-0.1069
2024,0.1,0.0,0.05,0.5,246,115,131,0.4675,-26.45,-0.1075
2024,0.05,0.0,0.05,0.5,270,126,144,0.4667,-29.45,-0.1091
2024,0.1,0.0,0.1,0.5,270,126,144,0.4667,-29.45,-0.1091
2024,0.4,0.25,0.0,0.5,223,104,119,0.4664,-24.45,-0.1097
2024,0.05,0.5,0.0,0.5,223,104,119,0.4664,-24.45,-0.1097
2024,0.1,1.0,0.0,0.5,223,104,119,0.4664,-24.45,-0.1097
2024,0.2,0.25,0.05,0.5238095238095238,193,90,103,0.4663,-21.18,-0.1098
2024,0.2,0.25,0.1,0.5238095238095238,204,95,109,0.4657,-22.64,-0.111
2024,0.05,1.0,0.05,0.5,228,106,122,0.4649,-25.64,-0.1124
2024,0.4,0.0,0.1,0.5238095238095238,209,97,112,0.4641,-23.82,-0.114
2024,0.05,1.0,0.1,0.5,233,108,125,0.4635,-26.82,-0.1151
2024,0.4,0.25,0.0,0.5238095238095238,186,86,100,0.4624,-21.82,-0.1173
2024,0.05,1.0,0.0,0.5,223,103,120,0.4619,-26.36,-0.1182
2024,0.05,0.0,0.1,0.5,295,136,159,0.461,-35.36,-0.1199
2024,0.05,1.0,0.1,0.5238095238095238,217,100,117,0.4608,-26.09,-0.1202
2024,0.05,1.0,0.05,0.5238095238095238,207,95,112,0.4589,-25.64,-0.1238
2024,0.05,1.0,0.0,0.5238095238095238,205,94,111,0.4585,-25.55,-0.1246
2024,0.1,0.0,0.05,0.5238095238095238,144,66,78,0.4583,-18.0,-0.125
2024,0.2,0.0,0.1,0.5238095238095238,201,92,109,0.4577,-25.36,-0.1262
2024,0.05,0.0,0.0,0.5,202,92,110,0.4554,-26.36,-0.1305
2024,0.4,0.0,0.0,0.5,202,92,110,0.4554,-26.36,-0.1305
2024,0.1,0.0,0.0,0.5,202,92,110,0.4554,-26.36,-0.1305
2024,0.4,0.25,0.05,0.5238095238095238,198,90,108,0.4545,-26.18,-0.1322
2024,0.4,0.0,0.0,0.5238095238095238,168,76,92,0.4524,-22.91,-0.1364
2024,0.2,0.0,0.0,0.5238095238095238,155,70,85,0.4516,-21.36,-0.1378
2024,0.2,0.0,0.0,0.5,202,91,111,0.4505,-28.27,-0.14
2024,0.4,0.0,0.05,0.5238095238095238,180,81,99,0.45,-25.36,-0.1409
2024,0.2,0.0,0.05,0.5238095238095238,161,71,90,0.441,-25.45,-0.1581
