season,n_est,max_d,lr,threshold,bets,wins,losses,win_pct,units,roi
2019,200,3,0.03,0.5,234,123,111,0.5256,0.82,0.0035
2019,200,3,0.03,0.5238,205,109,96,0.5317,3.09,0.0151
2019,200,3,0.08,0.5,247,124,123,0.502,-10.27,-0.0416
2019,200,3,0.08,0.5238,217,110,107,0.5069,-7.0,-0.0323
2019,200,5,0.03,0.5,241,123,118,0.5104,-6.18,-0.0257
2019,200,5,0.03,0.5238,211,111,100,0.5261,0.91,0.0043
2019,200,5,0.08,0.5,262,126,136,0.4809,-21.45,-0.0819
2019,200,5,0.08,0.5238,244,118,126,0.4836,-18.73,-0.0768
2019,200,7,0.03,0.5,254,131,123,0.5157,-3.91,-0.0154
2019,200,7,0.03,0.5238,226,118,108,0.5221,-0.73,-0.0032
2019,200,7,0.08,0.5,248,122,126,0.4919,-15.09,-0.0609
2019,200,7,0.08,0.5238,235,115,120,0.4894,-15.45,-0.0658
2019,400,3,0.03,0.5,244,121,123,0.4959,-13.0,-0.0533
2019,400,3,0.03,0.5238,214,108,106,0.5047,-7.82,-0.0365
2019,400,3,0.08,0.5,242,117,125,0.4835,-18.64,-0.077
2019,400,3,0.08,0.5238,225,110,115,0.4889,-15.0,-0.0667
2019,400,5,0.03,0.5,239,118,121,0.4937,-13.73,-0.0574
2019,400,5,0.03,0.5238,225,114,111,0.5067,-7.36,-0.0327
2019,400,5,0.08,0.5,256,124,132,0.4844,-19.27,-0.0753
2019,400,5,0.08,0.5238,241,113,128,0.4689,-25.27,-0.1049
2019,400,7,0.03,0.5,253,124,129,0.4901,-16.27,-0.0643
2019,400,7,0.03,0.5238,235,116,119,0.4936,-13.55,-0.0576
2019,400,7,0.08,0.5,249,121,128,0.4859,-18.0,-0.0723
2019,400,7,0.08,0.5238,240,116,124,0.4833,-18.55,-0.0773
2019,800,3,0.03,0.5,245,125,120,0.5102,-6.36,-0.026
2019,800,3,0.03,0.5238,226,115,111,0.5088,-6.45,-0.0286
2019,800,3,0.08,0.5,244,118,126,0.4836,-18.73,-0.0768
2019,800,3,0.08,0.5238,235,113,122,0.4809,-19.27,-0.082
2019,800,5,0.03,0.5,247,121,126,0.4899,-16.0,-0.0648
2019,800,5,0.03,0.5238,235,118,117,0.5021,-9.73,-0.0414
2019,800,5,0.08,0.5,257,122,135,0.4747,-24.09,-0.0937
2019,800,5,0.08,0.5238,245,115,130,0.4694,-25.45,-0.1039
2019,800,7,0.03,0.5,254,124,130,0.4882,-17.27,-0.068
2019,800,7,0.03,0.5238,240,117,123,0.4875,-16.64,-0.0693
2019,800,7,0.08,0.5,254,123,131,0.4843,-19.18,-0.0755
2019,800,7,0.08,0.5238,241,118,123,0.4896,-15.73,-0.0653
2020,200,3,0.03,0.5,250,130,120,0.52,-1.82,-0.0073
2020,200,3,0.03,0.5238,195,101,94,0.5179,-2.18,-0.0112
2020,200,3,0.08,0.5,265,138,127,0.5208,-1.55,-0.0058
2020,200,3,0.08,0.5238,239,121,118,0.5063,-8.0,-0.0335
2020,200,5,0.03,0.5,262,136,126,0.5191,-2.36,-0.009
2020,200,5,0.03,0.5238,221,116,105,0.5249,0.45,0.0021
2020,200,5,0.08,0.5,261,136,125,0.5211,-1.36,-0.0052
2020,200,5,0.08,0.5238,242,127,115,0.5248,0.45,0.0019
2020,200,7,0.03,0.5,256,136,120,0.5312,3.64,0.0142
2020,200,7,0.03,0.5238,233,122,111,0.5236,-0.09,-0.0004
2020,200,7,0.08,0.5,257,134,123,0.5214,-1.18,-0.0046
2020,200,7,0.08,0.5238,240,125,115,0.5208,-1.36,-0.0057
2020,400,3,0.03,0.5,240,127,113,0.5292,2.45,0.0102
2020,400,3,0.03,0.5238,212,110,102,0.5189,-2.0,-0.0094
2020,400,3,0.08,0.5,271,136,135,0.5018,-11.36,-0.0419
2020,400,3,0.08,0.5238,253,128,125,0.5059,-8.64,-0.0341
2020,400,5,0.03,0.5,266,138,128,0.5188,-2.55,-0.0096
2020,400,5,0.03,0.5238,246,127,119,0.5163,-3.55,-0.0144
2020,400,5,0.08,0.5,275,147,128,0.5345,5.64,0.0205
2020,400,5,0.08,0.5238,253,133,120,0.5257,0.91,0.0036
2020,400,7,0.03,0.5,266,141,125,0.5301,3.18,0.012
2020,400,7,0.03,0.5238,239,123,116,0.5146,-4.18,-0.0175
2020,400,7,0.08,0.5,272,140,132,0.5147,-4.73,-0.0174
2020,400,7,0.08,0.5238,245,125,120,0.5102,-6.36,-0.026
2020,800,3,0.03,0.5,256,132,124,0.5156,-4.0,-0.0156
2020,800,3,0.03,0.5238,228,114,114,0.5,-10.36,-0.0455
2020,800,3,0.08,0.5,256,132,124,0.5156,-4.0,-0.0156
2020,800,3,0.08,0.5238,247,127,120,0.5142,-4.55,-0.0184
2020,800,5,0.03,0.5,274,143,131,0.5219,-1.0,-0.0036
2020,800,5,0.03,0.5238,251,128,123,0.51,-6.64,-0.0264
2020,800,5,0.08,0.5,274,144,130,0.5255,0.91,0.0033
2020,800,5,0.08,0.5238,261,134,127,0.5134,-5.18,-0.0199
2020,800,7,0.03,0.5,265,137,128,0.517,-3.45,-0.013
2020,800,7,0.03,0.5238,249,129,120,0.5181,-2.73,-0.011
2020,800,7,0.08,0.5,266,137,129,0.515,-4.45,-0.0167
2020,800,7,0.08,0.5238,256,132,124,0.5156,-4.0,-0.0156
2021,200,3,0.03,0.5,257,133,124,0.5175,-3.09,-0.012
2021,200,3,0.03,0.5238,202,106,96,0.5248,0.36,0.0018
2021,200,3,0.08,0.5,260,135,125,0.5192,-2.27,-0.0087
2021,200,3,0.08,0.5238,225,117,108,0.52,-1.64,-0.0073
2021,200,5,0.03,0.5,251,127,124,0.506,-8.55,-0.034
2021,200,5,0.03,0.5238,215,106,109,0.493,-12.64,-0.0588
2021,200,5,0.08,0.5,266,136,130,0.5113,-6.36,-0.0239
2021,200,5,0.08,0.5238,230,119,111,0.5174,-2.82,-0.0123
2021,200,7,0.03,0.5,248,136,112,0.5484,11.64,0.0469
2021,200,7,0.03,0.5238,215,114,101,0.5302,2.64,0.0123
2021,200,7,0.08,0.5,262,130,132,0.4962,-13.82,-0.0527
2021,200,7,0.08,0.5238,241,123,118,0.5104,-6.18,-0.0257
2021,400,3,0.03,0.5,253,129,124,0.5099,-6.73,-0.0266
2021,400,3,0.03,0.5238,208,111,97,0.5337,3.91,0.0188
2021,400,3,0.08,0.5,261,137,124,0.5249,0.55,0.0021
2021,400,3,0.08,0.5238,234,125,109,0.5342,4.64,0.0198
2021,400,5,0.03,0.5,265,139,126,0.5245,0.36,0.0014
2021,400,5,0.03,0.5238,224,120,104,0.5357,5.09,0.0227
2021,400,5,0.08,0.5,253,129,124,0.5099,-6.73,-0.0266
2021,400,5,0.08,0.5238,240,123,117,0.5125,-5.18,-0.0216
2021,400,7,0.03,0.5,251,134,117,0.5339,4.82,0.0192
2021,400,7,0.03,0.5238,229,123,106,0.5371,5.82,0.0254
2021,400,7,0.08,0.5,261,134,127,0.5134,-5.18,-0.0199
2021,400,7,0.08,0.5238,244,124,120,0.5082,-7.27,-0.0298
2021,800,3,0.03,0.5,260,133,127,0.5115,-6.09,-0.0234
2021,800,3,0.03,0.5238,215,115,100,0.5349,4.55,0.0211
2021,800,3,0.08,0.5,269,139,130,0.5167,-3.64,-0.0135
2021,800,3,0.08,0.5238,251,130,121,0.5179,-2.82,-0.0112
2021,800,5,0.03,0.5,256,132,124,0.5156,-4.0,-0.0156
2021,800,5,0.03,0.5238,240,126,114,0.525,0.55,0.0023
2021,800,5,0.08,0.5,267,136,131,0.5094,-7.36,-0.0276
2021,800,5,0.08,0.5238,253,129,124,0.5099,-6.73,-0.0266
2021,800,7,0.03,0.5,254,136,118,0.5354,5.64,0.0222
2021,800,7,0.03,0.5238,230,123,107,0.5348,4.82,0.0209
2021,800,7,0.08,0.5,258,133,125,0.5155,-4.09,-0.0159
2021,800,7,0.08,0.5238,246,124,122,0.5041,-9.27,-0.0377
2022,200,3,0.03,0.5,244,128,116,0.5246,0.36,0.0015
2022,200,3,0.03,0.5238,171,92,79,0.538,4.64,0.0271
2022,200,3,0.08,0.5,257,129,128,0.5019,-10.73,-0.0417
2022,200,3,0.08,0.5238,216,116,100,0.537,5.45,0.0253
2022,200,5,0.03,0.5,235,126,109,0.5362,5.55,0.0236
2022,200,5,0.03,0.5238,191,104,87,0.5445,7.55,0.0395
2022,200,5,0.08,0.5,248,127,121,0.5121,-5.55,-0.0224
2022,200,5,0.08,0.5238,223,113,110,0.5067,-7.27,-0.0326
2022,200,7,0.03,0.5,236,123,113,0.5212,-1.18,-0.005
2022,200,7,0.03,0.5238,199,105,94,0.5276,1.45,0.0073
2022,200,7,0.08,0.5,252,130,122,0.5159,-3.82,-0.0152
2022,200,7,0.08,0.5238,232,122,110,0.5259,0.91,0.0039
2022,400,3,0.03,0.5,247,132,115,0.5344,5.0,0.0202
2022,400,3,0.03,0.5238,187,97,90,0.5187,-1.82,-0.0097
2022,400,3,0.08,0.5,255,131,124,0.5137,-4.91,-0.0193
2022,400,3,0.08,0.5238,216,113,103,0.5231,-0.27,-0.0013
2022,400,5,0.03,0.5,247,128,119,0.5182,-2.64,-0.0107
2022,400,5,0.03,0.5238,207,111,96,0.5362,4.91,0.0237
2022,400,5,0.08,0.5,256,131,125,0.5117,-5.91,-0.0231
2022,400,5,0.08,0.5238,231,115,116,0.4978,-11.45,-0.0496
2022,400,7,0.03,0.5,253,130,123,0.5138,-4.82,-0.019
2022,400,7,0.03,0.5238,229,117,112,0.5109,-5.64,-0.0246
2022,400,7,0.08,0.5,246,125,121,0.5081,-7.36,-0.0299
2022,400,7,0.08,0.5238,233,119,114,0.5107,-5.82,-0.025
2022,800,3,0.03,0.5,263,138,125,0.5247,0.45,0.0017
2022,800,3,0.03,0.5238,226,120,106,0.531,3.09,0.0137
2022,800,3,0.08,0.5,257,128,129,0.4981,-12.64,-0.0492
2022,800,3,0.08,0.5238,235,116,119,0.4936,-13.55,-0.0576
2022,800,5,0.03,0.5,250,130,120,0.52,-1.82,-0.0073
2022,800,5,0.03,0.5238,231,120,111,0.5195,-1.91,-0.0083
2022,800,5,0.08,0.5,257,128,129,0.4981,-12.64,-0.0492
2022,800,5,0.08,0.5238,246,122,124,0.4959,-13.09,-0.0532
2022,800,7,0.03,0.5,251,131,120,0.5219,-0.91,-0.0036
2022,800,7,0.03,0.5238,238,126,112,0.5294,2.55,0.0107
2022,800,7,0.08,0.5,244,121,123,0.4959,-13.0,-0.0533
2022,800,7,0.08,0.5238,234,118,116,0.5043,-8.73,-0.0373
2023,200,3,0.03,0.5,242,117,125,0.4835,-18.64,-0.077
2023,200,3,0.03,0.5238,184,90,94,0.4891,-12.18,-0.0662
2023,200,3,0.08,0.5,277,136,141,0.491,-17.36,-0.0627
2023,200,3,0.08,0.5238,231,119,112,0.5152,-3.82,-0.0165
2023,200,5,0.03,0.5,249,128,121,0.5141,-4.64,-0.0186
2023,200,5,0.03,0.5238,197,100,97,0.5076,-6.09,-0.0309
2023,200,5,0.08,0.5,258,122,136,0.4729,-25.09,-0.0973
2023,200,5,0.08,0.5238,230,110,120,0.4783,-20.0,-0.087
2023,200,7,0.03,0.5,277,134,143,0.4838,-21.18,-0.0765
2023,200,7,0.03,0.5238,243,118,125,0.4856,-17.73,-0.073
2023,200,7,0.08,0.5,243,123,120,0.5062,-8.18,-0.0337
2023,200,7,0.08,0.5238,223,115,108,0.5157,-3.45,-0.0155
2023,400,3,0.03,0.5,251,124,127,0.494,-14.27,-0.0569
2023,400,3,0.03,0.5238,194,95,99,0.4897,-12.64,-0.0651
2023,400,3,0.08,0.5,265,131,134,0.4943,-14.91,-0.0563
2023,400,3,0.08,0.5238,231,117,114,0.5065,-7.64,-0.0331
2023,400,5,0.03,0.5,245,120,125,0.4898,-15.91,-0.0649
2023,400,5,0.03,0.5238,213,101,112,0.4742,-20.18,-0.0948
2023,400,5,0.08,0.5,255,126,129,0.4941,-14.45,-0.0567
2023,400,5,0.08,0.5238,229,113,116,0.4934,-13.27,-0.058
2023,400,7,0.03,0.5,279,141,138,0.5054,-9.82,-0.0352
2023,400,7,0.03,0.5238,248,128,120,0.5161,-3.64,-0.0147
2023,400,7,0.08,0.5,249,125,124,0.502,-10.36,-0.0416
2023,400,7,0.08,0.5238,237,119,118,0.5021,-9.82,-0.0414
2023,800,3,0.03,0.5,257,127,130,0.4942,-14.55,-0.0566
2023,800,3,0.03,0.5238,211,106,105,0.5024,-8.64,-0.0409
2023,800,3,0.08,0.5,262,129,133,0.4924,-15.73,-0.06
2023,800,3,0.08,0.5238,241,119,122,0.4938,-13.82,-0.0573
2023,800,5,0.03,0.5,250,126,124,0.504,-9.45,-0.0378
2023,800,5,0.03,0.5238,227,113,114,0.4978,-11.27,-0.0497
2023,800,5,0.08,0.5,255,124,131,0.4863,-18.27,-0.0717
2023,800,5,0.08,0.5238,238,116,122,0.4874,-16.55,-0.0695
2023,800,7,0.03,0.5,279,142,137,0.509,-7.91,-0.0283
2023,800,7,0.03,0.5238,250,126,124,0.504,-9.45,-0.0378
2023,800,7,0.08,0.5,259,126,133,0.4865,-18.45,-0.0713
2023,800,7,0.08,0.5238,242,120,122,0.4959,-12.91,-0.0533
2024,200,3,0.03,0.5,219,103,116,0.4703,-22.36,-0.1021
2024,200,3,0.03,0.5238,140,69,71,0.4929,-8.27,-0.0591
2024,200,3,0.08,0.5,227,115,112,0.5066,-7.45,-0.0328
2024,200,3,0.08,0.5238,175,90,85,0.5143,-3.18,-0.0182
2024,200,5,0.03,0.5,219,111,108,0.5068,-7.09,-0.0324
2024,200,5,0.03,0.5238,159,83,76,0.522,-0.55,-0.0034
2024,200,5,0.08,0.5,218,97,121,0.445,-32.82,-0.1505
2024,200,5,0.08,0.5238,184,81,103,0.4402,-29.36,-0.1596
2024,200,7,0.03,0.5,227,112,115,0.4934,-13.18,-0.0581
2024,200,7,0.03,0.5238,186,90,96,0.4839,-14.18,-0.0762
2024,200,7,0.08,0.5,226,107,119,0.4735,-21.73,-0.0961
2024,200,7,0.08,0.5238,199,93,106,0.4673,-21.45,-0.1078
2024,400,3,0.03,0.5,213,107,106,0.5023,-8.73,-0.041
2024,400,3,0.03,0.5238,158,77,81,0.4873,-11.0,-0.0696
2024,400,3,0.08,0.5,228,115,113,0.5044,-8.45,-0.0371
2024,400,3,0.08,0.5238,192,98,94,0.5104,-4.91,-0.0256
2024,400,5,0.03,0.5,217,104,113,0.4793,-18.45,-0.085
2024,400,5,0.03,0.5238,178,90,88,0.5056,-6.18,-0.0347
2024,400,5,0.08,0.5,214,91,123,0.4252,-40.27,-0.1882
2024,400,5,0.08,0.5238,181,81,100,0.4475,-26.36,-0.1457
2024,400,7,0.03,0.5,233,109,124,0.4678,-24.91,-0.1069
2024,400,7,0.03,0.5238,200,94,106,0.47,-20.55,-0.1027
2024,400,7,0.08,0.5,230,107,123,0.4652,-25.73,-0.1119
2024,400,7,0.08,0.5238,208,95,113,0.4567,-26.64,-0.1281
2024,800,3,0.03,0.5,209,106,103,0.5072,-6.64,-0.0318
2024,800,3,0.03,0.5238,164,85,79,0.5183,-1.73,-0.0105
2024,800,3,0.08,0.5,203,101,102,0.4975,-10.18,-0.0502
2024,800,3,0.08,0.5238,184,94,90,0.5109,-4.55,-0.0247
2024,800,5,0.03,0.5,216,100,116,0.463,-25.09,-0.1162
2024,800,5,0.03,0.5238,184,83,101,0.4511,-25.55,-0.1388
2024,800,5,0.08,0.5,209,93,116,0.445,-31.45,-0.1505
2024,800,5,0.08,0.5238,192,85,107,0.4427,-29.73,-0.1548
2024,800,7,0.03,0.5,233,105,128,0.4506,-32.55,-0.1397
2024,800,7,0.03,0.5238,212,95,117,0.4481,-30.64,-0.1445
2024,800,7,0.08,0.5,226,102,124,0.4513,-31.27,-0.1384
2024,800,7,0.08,0.5238,213,98,115,0.4601,-25.91,-0.1216
