season,week,team_a,team_b,spread_a,is_home_a,mu_a,mu_b,p_t_a,p_t_b,edge_a,pick,p_pick,covered,result,units
2024,1,ARI,BUF,6.5,0,-0.7964358,-0.057825256,0.6641282826744728,0.3132667296823108,5.70356422662735,ARI,0.6641282826744728,1.0,WIN,0.9090909090909091
2024,1,ATL,PIT,-4.0,1,0.12442993,-0.38636324,0.3864617442245926,0.6060794100831126,-3.875570073723793,PIT,0.6060794100831126,1.0,WIN,0.9090909090909091
2024,1,BAL,KC,3.0,0,-0.7964358,0.0032482252,0.5652398722394645,0.411656850354715,2.20356422662735,BAL,0.5652398722394645,0.0,LOSS,-1.0
2024,1,CAR,MIA,3.5,0,-0.7964358,0.0032482252,0.5798387095237979,0.3972634897645026,2.70356422662735,CAR,0.5798387095237979,,PUSH,0.0
2024,1,CHI,TEN,-4.0,1,0.0032482252,-0.7964358,0.3830267483335117,0.5943142782916593,-3.9967517748009413,TEN,0.5943142782916593,0.0,LOSS,-1.0
2024,1,CIN,NE,-8.0,1,0.06335649,-0.27689746,0.27842757521526973,0.7163184545550045,-7.9366435110569,NE,0.7163184545550045,1.0,WIN,0.9090909090909091
2024,1,CLE,DAL,-2.5,1,-0.031982858,-0.73536223,0.42515826730448564,0.5523399389330838,-2.531982857733965,DAL,0.5523399389330838,1.0,WIN,0.9090909090909091
2024,1,DEN,SEA,6.5,0,1.331314,0.089198805,0.7189876033014122,0.3171044909016202,7.831313967704773,DEN,0.7189876033014122,1.0,WIN,0.9090909090909091
2024,1,DET,LA,-5.0,1,0.12442993,-0.337971,0.3584434393122494,0.6356389029654181,-4.875570073723793,LA,0.6356389029654181,0.0,LOSS,-1.0
2024,1,GB,PHI,2.0,0,-0.73536223,-0.057825256,0.537569227771714,0.43903543475100326,1.2646377682685852,GB,0.537569227771714,0.0,LOSS,-1.0
2024,1,HOU,IND,-3.0,0,-0.337971,0.12442993,0.40181827137164144,0.5920323383350152,-3.3379710018634796,IND,0.5920323383350152,1.0,WIN,0.9090909090909091
2024,1,JAX,NO,3.5,0,0.87285024,-0.34395924,0.6275667560226665,0.38735945153828943,4.372850239276886,JAX,0.6275667560226665,1.0,WIN,0.9090909090909091
2024,1,LAC,LV,-3.0,1,0.0032482252,-0.84482807,0.411656850354715,0.5638211945889461,-2.9967517748009413,LV,0.5638211945889461,0.0,LOSS,-1.0
2024,1,MIN,NYG,-1.0,0,-0.27689746,0.06335649,0.4620678055110906,0.5316051779290654,-1.2768974602222443,NYG,0.5316051779290654,0.0,LOSS,-1.0
2024,1,NYJ,SF,3.5,0,-0.7964358,-0.057825256,0.5798387095237979,0.3955157091898534,2.70356422662735,NYJ,0.5798387095237979,0.0,LOSS,-1.0
2024,1,TB,WAS,-4.0,1,-0.10621749,-0.73536223,0.3799327656712511,0.5960729412456367,-4.106217488646507,WAS,0.5960729412456367,0.0,LOSS,-1.0
2024,2,ARI,LA,1.0,1,-2.6247716,-4.211312,0.4517846506208879,0.34921716849203505,-1.6247715950012207,ARI,0.4517846506208879,1.0,WIN,0.9090909090909091
2024,2,ATL,PHI,5.5,0,-1.059508,5.370292,0.6294607729887844,0.49614030629709394,4.440492033958435,ATL,0.6294607729887844,1.0,WIN,0.9090909090909091
2024,2,BAL,LV,-9.0,1,-2.9891772,-4.507501,0.1896594967084887,0.6309145927139803,-11.989177227020264,LV,0.6309145927139803,1.0,WIN,0.9090909090909091
2024,2,BUF,MIA,2.5,0,0.64753515,4.585251,0.5926989766653301,0.5617697381164208,3.1475351452827454,BUF,0.5926989766653301,1.0,WIN,0.9090909090909091
2024,2,CAR,LAC,5.0,1,-2.6918132,2.6527617,0.5683037327329065,0.43055382627042266,2.3081867694854736,CAR,0.5683037327329065,0.0,LOSS,-1.0
2024,2,CHI,HOU,6.0,0,2.6662946,3.3859036,0.739111858087074,0.4227651118832738,8.666294574737549,CHI,0.739111858087074,,PUSH,0.0
2024,2,CIN,DAL,6.5,0,-0.65161204,-0.73471653,0.6680114583688084,0.2958966375091224,5.848387956619263,CIN,0.6680114583688084,1.0,WIN,0.9090909090909091
2024,2,CLE,JAX,3.0,0,-2.042267,-4.092245,0.5284721950054084,0.299510973479893,0.9577329158782959,CLE,0.5284721950054084,1.0,WIN,0.9090909090909091
2024,2,DEN,IND,3.0,1,-3.3956165,-4.680937,0.488229430512219,0.28472531742550156,-0.3956165313720703,DEN,0.488229430512219,,PUSH,0.0
2024,2,DET,TB,-7.5,1,6.4358435,1.3924022,0.4683710995350875,0.7444142216100589,-1.0641565322875977,TB,0.7444142216100589,1.0,WIN,0.9090909090909091
2024,2,GB,PIT,3.0,1,-2.6162627,-2.3881466,0.511417244669763,0.3443974814318198,0.38373732566833496,GB,0.511417244669763,1.0,WIN,0.9090909090909091
2024,2,KC,NO,-6.5,1,6.0347347,0.58578146,0.4861580791260477,0.7003245152808728,-0.46526527404785156,NO,0.7003245152808728,1.0,WIN,0.9090909090909091
2024,2,MIN,SF,4.5,1,5.766689,0.6560941,0.7752371991996132,0.3873609662324333,10.266688823699951,MIN,0.7752371991996132,1.0,WIN,0.9090909090909091
2024,2,NE,NYJ,3.5,1,-1.8375785,-4.587731,0.5493262277415064,0.27474284851276065,1.662421464920044,NE,0.5493262277415064,1.0,WIN,0.9090909090909091
2024,2,NYG,WAS,1.5,0,-4.3288107,-2.6820903,0.41652284795854677,0.377793343297384,-2.828810691833496,NYG,0.41652284795854677,0.0,LOSS,-1.0
2024,2,SEA,TEN,-3.5,0,1.1927451,-2.085904,0.4317235364702255,0.5419916511564394,-2.307254910469055,TEN,0.5419916511564394,,PUSH,0.0
2024,3,ARI,DET,3.0,1,-1.6364613,1.3111664,0.5404963020912756,0.44989472939690933,1.3635387420654297,ARI,0.5404963020912756,0.0,LOSS,-1.0
2024,3,ATL,KC,3.0,1,1.65673,3.1127808,0.6354915844989351,0.5033560141363393,4.656730055809021,ATL,0.6354915844989351,0.0,LOSS,-1.0
2024,3,BAL,DAL,-1.5,0,-2.8431203,0.59772855,0.3732668110928553,0.5621359683205848,-4.343120336532593,DAL,0.5621359683205848,0.0,LOSS,-1.0
2024,3,BUF,JAX,-4.0,1,2.8039482,-2.1122372,0.46446200600424603,0.5559655630054612,-1.196051836013794,JAX,0.5559655630054612,0.0,LOSS,-1.0
2024,3,CAR,LV,5.5,0,-3.27873,-0.4423298,0.5657587041840797,0.329480506109173,2.2212700843811035,CAR,0.5657587041840797,1.0,WIN,0.9090909090909091
2024,3,CHI,IND,1.5,0,-0.8997604,-0.19387442,0.5178547931748092,0.4497460717403775,0.6002395749092102,CHI,0.5178547931748092,0.0,LOSS,-1.0
2024,3,CIN,WAS,-7.5,1,0.1524041,-0.14574039,0.29304918991397577,0.7071184557257104,-7.347595900297165,WAS,0.7071184557257104,1.0,WIN,0.9090909090909091
2024,3,CLE,NE,-6.5,1,1.7894804,-2.7705975,0.3630140433392268,0.6093816056610315,-4.710519552230835,NE,0.6093816056610315,,PUSH,0.0
2024,3,DEN,TB,6.0,0,-2.9913068,2.5189893,0.5886885719722713,0.3977143437174637,3.008693218231201,DEN,0.5886885719722713,1.0,WIN,0.9090909090909091
2024,3,GB,PIT,3.0,0,-1.6653775,2.2311392,0.5396407455902335,0.47713491788535334,1.3346225023269653,GB,0.5396407455902335,1.0,WIN,0.9090909090909091
2024,3,HOU,MIN,-2.0,0,2.312697,2.7457783,0.5093040799155413,0.6379642335963023,0.3126969337463379,MIN,0.6379642335963023,1.0,WIN,0.9090909090909091
2024,3,LA,SF,6.0,1,-0.36523965,1.246269,0.6622764292595685,0.3618152545712573,5.634760349988937,LA,0.6622764292595685,1.0,WIN,0.9090909090909091
2024,3,LAC,TEN,3.0,0,0.89402115,-2.9732897,0.6140619256364941,0.3286558357398116,3.894021153450012,LAC,0.6140619256364941,,PUSH,0.0
2024,3,MIA,SEA,4.0,0,0.72617656,3.1797338,0.6374204956314131,0.4756082661302026,4.726176559925079,MIA,0.6374204956314131,0.0,LOSS,-1.0
2024,3,NO,PHI,-2.5,1,2.1043584,0.7948714,0.4882286859349715,0.5969427333908542,-0.395641565322876,PHI,0.5969427333908542,1.0,WIN,0.9090909090909091
2024,3,NYG,NYJ,6.5,0,-4.238696,1.4297339,0.5669313347822951,0.3530812897812262,2.2613039016723633,NYG,0.5669313347822951,1.0,WIN,0.9090909090909091
2024,4,ARI,SEA,-3.5,1,-2.617851,1.2541081,0.3248177428634602,0.6381951992148582,-6.11785101890564,SEA,0.6381951992148582,,PUSH,0.0
2024,4,ATL,BUF,-2.5,1,-0.015674617,3.4558787,0.42563393730904364,0.6708805087356642,-2.515674617141485,BUF,0.6708805087356642,,PUSH,0.0
2024,4,BAL,MIN,-2.5,1,3.9450586,2.8125787,0.5429071059165994,0.6535463255426801,1.4450585842132568,MIN,0.6535463255426801,1.0,WIN,0.9090909090909091
2024,4,CAR,CIN,4.5,1,-0.047379125,-2.1583107,0.6298000155083117,0.31065683008977707,4.452620875090361,CAR,0.6298000155083117,0.0,LOSS,-1.0
2024,4,CHI,LA,-3.0,1,-2.1618562,-9.378512,0.35057008219281494,0.3179503351995828,-5.161856174468994,CHI,0.35057008219281494,1.0,WIN,0.9090909090909091
2024,4,CLE,IND,-2.5,0,-3.8852437,1.2177457,0.3177739125249748,0.6090494945061344,-6.385243654251099,IND,0.6090494945061344,1.0,WIN,0.9090909090909091
2024,4,DAL,NYG,-5.5,0,-1.6753762,-1.7150123,0.2973992801428049,0.6109640120729327,-7.1753761768341064,NYG,0.6109640120729327,1.0,WIN,0.9090909090909091
2024,4,DEN,NYJ,7.5,0,-4.4447894,5.9852214,0.5900334052165183,0.4550324615516548,3.055210590362549,DEN,0.5900334052165183,1.0,WIN,0.9090909090909091
2024,4,DET,WAS,-3.5,1,7.175798,2.3213866,0.6078536369694614,0.66728899633348,3.675797939300537,WAS,0.66728899633348,1.0,WIN,0.9090909090909091
2024,4,GB,NO,-2.5,1,1.1719131,-0.2020575,0.46055265625603226,0.5680039322594262,-1.3280868530273438,NO,0.5680039322594262,1.0,WIN,0.9090909090909091
2024,4,HOU,JAX,-5.5,1,11.635725,-5.8666425,0.6756553642244201,0.48909122749290884,6.135725021362305,HOU,0.6756553642244201,0.0,LOSS,-1.0
2024,4,KC,LAC,-7.5,0,-0.820198,4.114398,0.26912696584409457,0.8030430286150387,-8.320197999477386,LAC,0.8030430286150387,1.0,WIN,0.9090909090909091
2024,4,LV,PIT,2.5,1,-2.5644984,-0.19317281,0.4980807056626301,0.42046351606469234,-0.0644984245300293,LV,0.4980807056626301,1.0,WIN,0.9090909090909091
2024,4,MIA,TEN,-2.5,1,6.2610292,-4.4906754,0.6102822128965308,0.4410080466414287,3.7610292434692383,MIA,0.6102822128965308,0.0,LOSS,-1.0
2024,4,NE,SF,10.5,0,0.18849477,3.7722156,0.7842014748091704,0.30885866566404885,10.688494771718979,NE,0.7842014748091704,0.0,LOSS,-1.0
2024,4,PHI,TB,-1.0,0,5.8077116,4.8306594,0.6396801411059312,0.6675371836904346,4.807711601257324,TB,0.6675371836904346,1.0,WIN,0.9090909090909091
2024,5,ARI,SEA,7.0,0,-6.7370143,5.154011,0.5078251918835995,0.4452639535261753,0.2629857063293457,ARI,0.5078251918835995,1.0,WIN,0.9090909090909091
2024,5,ATL,DAL,-2.5,1,5.253408,-3.836347,0.5812876287474765,0.460308222077778,2.7534079551696777,ATL,0.5812876287474765,1.0,WIN,0.9090909090909091
2024,5,BAL,CIN,-2.5,0,5.055894,2.0645375,0.5755389339983786,0.6329248892542273,2.555893898010254,CIN,0.6329248892542273,0.0,LOSS,-1.0
2024,5,BUF,HOU,1.0,0,2.108409,3.6004555,0.5915699187289278,0.5768375524812936,3.1084089279174805,BUF,0.5915699187289278,0.0,LOSS,-1.0
2024,5,CAR,CHI,4.0,0,-6.852129,0.9100545,0.4158463272060229,0.40896317668395604,-2.8521289825439453,CAR,0.4158463272060229,0.0,LOSS,-1.0
2024,5,CLE,DEN,3.0,0,-3.0378206,-3.7057,0.49887456121708135,0.3094297116200595,-0.03782057762145996,CLE,0.49887456121708135,0.0,LOSS,-1.0
2024,5,GB,LA,-3.0,0,0.28666356,-3.4879584,0.419877122481214,0.485483273558161,-2.7133364379405975,LA,0.485483273558161,0.0,LOSS,-1.0
2024,5,IND,JAX,3.5,0,-3.110237,-5.012773,0.5115964718765398,0.26452454004644177,0.38976311683654785,IND,0.5115964718765398,1.0,WIN,0.9090909090909091
2024,5,KC,NO,-5.5,1,5.171156,-2.810512,0.49021557961255324,0.5794292995740936,-0.3288440704345703,NO,0.5794292995740936,0.0,LOSS,-1.0
2024,5,LV,WAS,3.0,0,-3.7551584,7.8586183,0.4775419202521042,0.6410881697811706,-0.7551584243774414,WAS,0.6410881697811706,1.0,WIN,0.9090909090909091
2024,5,MIA,NE,-2.0,0,0.40920162,-4.535859,0.45278741460621186,0.4250452250226379,-1.5907983779907227,MIA,0.45278741460621186,1.0,WIN,0.9090909090909091
2024,5,MIN,NYJ,-2.5,1,-1.5692817,-4.621865,0.3809757743149712,0.43715578509510544,-4.069281697273254,NYJ,0.43715578509510544,0.0,LOSS,-1.0
2024,5,NYG,SF,7.0,0,-10.407349,2.009252,0.39982620458450085,0.3552674054175159,-3.4073486328125,NYG,0.39982620458450085,1.0,WIN,0.9090909090909091
2024,5,PIT,TB,-2.5,1,1.1397091,1.0779595,0.45959978307666544,0.6050599682690291,-1.3602908849716187,TB,0.6050599682690291,,PUSH,0.0
2024,6,ARI,GB,5.5,0,-4.0671425,1.368702,0.5425463922391804,0.37922509540489946,1.4328575134277344,ARI,0.5425463922391804,0.0,LOSS,-1.0
2024,6,ATL,CAR,-6.0,0,1.472533,-3.3536403,0.36810908269706166,0.5781743079145522,-4.5274670124053955,CAR,0.5781743079145522,0.0,LOSS,-1.0
2024,6,BAL,WAS,-6.5,1,3.9743638,8.37164,0.42534336871196,0.8601426310392393,-2.5256361961364746,WAS,0.8601426310392393,0.0,LOSS,-1.0
2024,6,BUF,NYJ,-1.0,0,-2.981451,-5.526301,0.38345989382345064,0.3681416253418405,-3.9814510345458984,BUF,0.38345989382345064,1.0,WIN,0.9090909090909091
2024,6,CHI,JAX,1.5,1,6.4576735,3.5333333,0.7220869354882269,0.5602452780868408,7.9576735496521,CHI,0.7220869354882269,1.0,WIN,0.9090909090909091
2024,6,CIN,NYG,-4.5,0,-5.1818695,-3.4181986,0.23758027916097213,0.5321520663232224,-9.681869506835938,NYG,0.5321520663232224,0.0,LOSS,-1.0
2024,6,CLE,PHI,8.0,0,-4.736483,5.5432878,0.5960406846611013,0.4273547367805053,3.263516902923584,CLE,0.5960406846611013,1.0,WIN,0.9090909090909091
2024,6,DAL,DET,3.5,1,-1.8285118,5.82671,0.5495936803747042,0.5688457121938099,1.6714881658554077,DET,0.5688457121938099,1.0,WIN,0.9090909090909091
2024,6,DEN,LAC,3.0,1,-3.5329382,-10.138696,0.48414589139295355,0.16846310400190928,-0.5329382419586182,DEN,0.48414589139295355,0.0,LOSS,-1.0
2024,6,HOU,NE,-6.5,0,4.872565,-5.4332013,0.45170604523382774,0.5317072435784674,-1.6274352073669434,NE,0.5317072435784674,0.0,LOSS,-1.0
2024,6,IND,TEN,2.5,0,-8.1463375,-6.855762,0.3374116590060495,0.24492111997440008,-5.646337509155273,IND,0.3374116590060495,1.0,WIN,0.9090909090909091
2024,6,LV,PIT,3.5,1,-3.2498982,4.901451,0.5074418804580206,0.5416177085356781,0.25010180473327637,PIT,0.5416177085356781,1.0,WIN,0.9090909090909091
2024,6,NO,SF,3.5,1,-4.1894403,1.7371615,0.47949430819807537,0.44771308162832146,-0.6894402503967285,NO,0.47949430819807537,0.0,LOSS,-1.0
2024,6,SEA,TB,3.5,1,7.1344724,0.60219365,0.7830666131964765,0.4145219345407759,10.634472370147705,SEA,0.7830666131964765,0.0,LOSS,-1.0
2024,7,ARI,LAC,1.0,1,0.5206255,-4.1646314,0.5451402690289743,0.35049410669757064,1.5206254720687866,ARI,0.5451402690289743,1.0,WIN,0.9090909090909091
2024,7,ATL,HOU,-3.0,1,7.579606,7.2858644,0.6333448700868958,0.775649847077619,4.579606056213379,HOU,0.775649847077619,1.0,WIN,0.9090909090909091
2024,7,BAL,TB,-4.5,0,3.0818813,3.5691447,0.45788939993711564,0.724805341784438,-1.4181187152862549,TB,0.724805341784438,0.0,LOSS,-1.0
2024,7,BUF,TEN,-9.5,1,1.6682206,-6.8153615,0.2810009469916268,0.5792882309011298,-7.831779360771179,TEN,0.5792882309011298,0.0,LOSS,-1.0
2024,7,CAR,WAS,10.0,0,-6.1300445,7.388407,0.6133788602095768,0.4228380318178102,3.869955539703369,CAR,0.6133788602095768,0.0,LOSS,-1.0
2024,7,CIN,CLE,-5.5,0,-1.2278955,-0.44728312,0.30885579415314973,0.6464367142917502,-6.727895498275757,CLE,0.6464367142917502,0.0,LOSS,-1.0
2024,7,DEN,NO,-2.5,0,-2.02075,-5.989606,0.3682965485957951,0.39746814141015885,-4.520750045776367,NO,0.39746814141015885,0.0,LOSS,-1.0
2024,7,DET,MIN,1.0,0,5.067179,-4.7905016,0.6738392874602348,0.3335382397978981,6.067179203033447,DET,0.6738392874602348,1.0,WIN,0.9090909090909091
2024,7,GB,MIA,-3.0,1,1.0811098,3.0500784,0.4431186615281031,0.6733854821404306,-1.9188902378082275,MIA,0.6733854821404306,,PUSH,0.0
2024,7,IND,SEA,-3.0,1,1.8706677,1.9753685,0.4664389714852464,0.6443091573005888,-1.1293323040008545,SEA,0.6443091573005888,1.0,WIN,0.9090909090909091
2024,7,JAX,NE,-6.5,1,0.01723808,-5.647187,0.31522328404356315,0.525358100986567,-6.482761919498444,NE,0.525358100986567,0.0,LOSS,-1.0
2024,7,KC,SF,2.5,0,3.2866137,5.708052,0.6663575602437329,0.5944435858769817,5.786613702774048,KC,0.6663575602437329,1.0,WIN,0.9090909090909091
2024,7,LA,LV,-7.0,1,-3.2829323,-4.7523575,0.22441321812753773,0.5665312534970655,-10.28293228149414,LV,0.5665312534970655,1.0,WIN,0.9090909090909091
2024,7,NYG,NYJ,3.0,1,-2.238969,-7.0440083,0.5226325136195611,0.22959034494923347,0.761030912399292,NYG,0.5226325136195611,,PUSH,0.0
2024,7,PHI,PIT,-3.0,0,4.776866,8.2133665,0.552700245861668,0.7950240021810041,1.7768659591674805,PIT,0.7950240021810041,1.0,WIN,0.9090909090909091
2024,8,ARI,MIA,4.0,0,-1.1437356,-2.9430304,0.5842736206280059,0.30332050763620194,2.856264352798462,ARI,0.5842736206280059,1.0,WIN,0.9090909090909091
2024,8,ATL,TB,-1.5,0,7.1506257,3.1100652,0.6627038414900512,0.634193257248719,5.650625705718994,ATL,0.6627038414900512,1.0,WIN,0.9090909090909091
2024,8,BAL,CLE,-7.5,0,-3.056831,-2.552787,0.21857124159851082,0.6435334363922269,-10.556830883026123,CLE,0.6435334363922269,1.0,WIN,0.9090909090909091
2024,8,BUF,LA,-3.0,0,1.8315486,-1.0370659,0.4652797160560539,0.5581765296182277,-1.1684514284133911,LA,0.5581765296182277,1.0,WIN,0.9090909090909091
2024,8,CAR,DEN,13.0,0,-5.3475933,2.6612551,0.7145672720296683,0.22321471339800075,7.652406692504883,CAR,0.7145672720296683,0.0,LOSS,-1.0
2024,8,CHI,WAS,1.5,0,1.0515093,6.1727576,0.5754111061206671,0.6359371053001304,2.5515092611312866,WAS,0.6359371053001304,1.0,WIN,0.9090909090909091
2024,8,CIN,PHI,-2.5,1,4.4266276,1.6716231,0.5571089210381809,0.6219117589681666,1.9266276359558105,PHI,0.6219117589681666,1.0,WIN,0.9090909090909091
2024,8,DAL,SF,5.5,0,-4.883737,2.9695854,0.518331050335295,0.42520400460430197,0.6162629127502441,DAL,0.518331050335295,0.0,LOSS,-1.0
2024,8,DET,TEN,-12.5,1,0.88595676,-2.6537633,0.1969639692661927,0.7660674332456905,-11.614043235778809,TEN,0.7660674332456905,0.0,LOSS,-1.0
2024,8,GB,JAX,-3.5,0,3.6173747,2.335406,0.5034927092514948,0.6676641965680299,0.11737465858459473,JAX,0.6676641965680299,1.0,WIN,0.9090909090909091
2024,8,HOU,IND,-5.0,1,5.7776213,-4.548661,0.5231252798422776,0.5134277788063678,0.7776212692260742,HOU,0.5231252798422776,0.0,LOSS,-1.0
2024,8,KC,LV,-9.0,0,3.4038713,-12.414598,0.3387652961525725,0.39961820641791157,-5.596128702163696,LV,0.39961820641791157,1.0,WIN,0.9090909090909091
2024,8,LAC,NO,-7.0,1,0.5516651,-7.7582207,0.3161226085728266,0.47745095993090597,-6.448334872722626,NO,0.47745095993090597,0.0,LOSS,-1.0
2024,8,MIN,SEA,-3.0,0,-0.54153067,1.5570495,0.3959817915171762,0.6327161209686468,-3.541530668735504,SEA,0.6327161209686468,,PUSH,0.0
2024,8,NE,NYJ,7.0,1,-4.655552,1.9836575,0.5693645685708207,0.3545631653877599,2.3444480895996094,NE,0.5693645685708207,1.0,WIN,0.9090909090909091
2024,8,NYG,PIT,6.0,0,-9.683343,6.006017,0.39193118274193367,0.5001790562094516,-3.683342933654785,PIT,0.5001790562094516,1.0,WIN,0.9090909090909091
2024,9,ARI,CHI,-1.5,1,0.72384894,-0.80135995,0.47691838662801045,0.5207790386806888,-0.7761510610580444,CHI,0.5207790386806888,0.0,LOSS,-1.0
2024,9,ATL,DAL,-3.0,1,6.044651,-8.256267,0.5897282291816967,0.34798925879763154,3.0446510314941406,ATL,0.5897282291816967,1.0,WIN,0.9090909090909091
2024,9,BAL,DEN,-9.0,1,3.74409,-0.0143008195,0.34799899404285983,0.7465834192711986,-5.2559099197387695,DEN,0.7465834192711986,0.0,LOSS,-1.0
2024,9,BUF,IND,-6.5,1,5.8884068,-5.1103826,0.4818077418188154,0.5412677213341993,-0.6115932464599609,IND,0.5412677213341993,,PUSH,0.0
2024,9,CAR,NO,7.0,1,-6.6846337,-5.5494866,0.5093834875980859,0.17910438405742074,0.315366268157959,CAR,0.5093834875980859,1.0,WIN,0.9090909090909091
2024,9,CIN,LV,-8.0,1,1.5758,-10.217813,0.3167538083736184,0.43434260170660893,-6.424200057983398,LV,0.43434260170660893,0.0,LOSS,-1.0
2024,9,CLE,LAC,2.0,1,-0.6250672,-1.1809481,0.5408333654253661,0.4063375199149822,1.3749328255653381,CLE,0.5408333654253661,0.0,LOSS,-1.0
2024,9,DET,GB,-2.5,0,6.55716,3.1545045,0.6186817113400317,0.6628083010033667,4.057159900665283,GB,0.6628083010033667,0.0,LOSS,-1.0
2024,9,HOU,NYJ,2.5,0,5.856036,-2.880766,0.7317329781584432,0.34459808203133846,8.356036186218262,HOU,0.7317329781584432,0.0,LOSS,-1.0
2024,9,JAX,PHI,7.5,0,-3.3671873,9.813804,0.6208176313510606,0.5684680936498422,4.132812738418579,JAX,0.6208176313510606,1.0,WIN,0.9090909090909091
2024,9,KC,TB,-9.0,1,9.210615,-0.74333376,0.5062670589399577,0.7293447391193557,0.2106151580810547,TB,0.7293447391193557,1.0,WIN,0.9090909090909091
2024,9,LA,SEA,-1.5,0,-0.1498445,-3.0962126,0.4510448138727421,0.45262758298297967,-1.6498444974422455,SEA,0.45262758298297967,0.0,LOSS,-1.0
2024,9,MIA,MIN,6.5,0,-2.0054407,3.8257525,0.630972146878328,0.42101407906273,4.494559288024902,MIA,0.630972146878328,1.0,WIN,0.9090909090909091
2024,9,NE,TEN,3.0,0,-5.416743,-4.435749,0.42852212580929805,0.2908355162952924,-2.4167428016662598,NE,0.42852212580929805,,PUSH,0.0
2024,9,NYG,WAS,4.5,1,-8.024208,1.7100997,0.396477463205678,0.417652355921908,-3.5242080688476562,WAS,0.417652355921908,1.0,WIN,0.9090909090909091
2024,10,ARI,NYJ,2.0,1,1.4317825,-3.3084679,0.6008746753677677,0.3465656768080903,3.4317824840545654,ARI,0.6008746753677677,1.0,WIN,0.9090909090909091
2024,10,ATL,NO,-3.5,0,5.190545,-6.354378,0.5501557445422252,0.4157810861008687,1.6905450820922852,ATL,0.5501557445422252,0.0,LOSS,-1.0
2024,10,BAL,CIN,-6.0,1,-3.9913373,2.9445643,0.2307417627145283,0.7456283666659611,-9.991337299346924,CIN,0.7456283666659611,1.0,WIN,0.9090909090909091
2024,10,BUF,HOU,-4.5,0,2.3910396,7.761604,0.437534419833423,0.815525605638561,-2.1089603900909424,HOU,0.815525605638561,1.0,WIN,0.9090909090909091
2024,10,CAR,NYG,6.5,1,-10.555296,0.19356214,0.3813709660872758,0.31984228998528985,-4.055295944213867,CAR,0.3813709660872758,1.0,WIN,0.9090909090909091
2024,10,CHI,NE,-6.5,1,1.577541,-8.222249,0.35714912086084927,0.448909432915417,-4.922459006309509,NE,0.448909432915417,1.0,WIN,0.9090909090909091
2024,10,DAL,PHI,7.5,1,-6.27431,10.799242,0.5364158835944709,0.597068427422885,1.2256898880004883,PHI,0.597068427422885,1.0,WIN,0.9090909090909091
2024,10,DEN,KC,7.5,0,-6.1126065,5.6687737,0.5412019421974281,0.44569861094909824,1.3873934745788574,DEN,0.5412019421974281,1.0,WIN,0.9090909090909091
2024,10,DET,IND,-4.5,0,3.343152,2.1771324,0.46562353893529085,0.6898308342279316,-1.1568479537963867,IND,0.6898308342279316,,PUSH,0.0
2024,10,JAX,MIN,7.0,1,1.53779,2.7203476,0.7360700096381673,0.37504856924494945,8.537789940834045,JAX,0.7360700096381673,1.0,WIN,0.9090909090909091
2024,10,LA,MIA,-2.5,1,2.128798,-0.8435585,0.488955606440164,0.5491498151038336,-0.3712019920349121,MIA,0.5491498151038336,1.0,WIN,0.9090909090909091
2024,10,LAC,TEN,-8.0,1,4.191122,-8.894948,0.38835651402578114,0.4733910765781856,-3.808877944946289,TEN,0.4733910765781856,0.0,LOSS,-1.0
2024,10,PIT,WAS,1.5,0,6.581707,7.135515,0.7251107626276287,0.6622967706208505,8.081707000732422,PIT,0.7251107626276287,1.0,WIN,0.9090909090909091
2024,10,SF,TB,-6.5,0,2.845652,-0.77676636,0.3927583135612924,0.6646568591342104,-3.6543478965759277,TB,0.6646568591342104,1.0,WIN,0.9090909090909091
2024,11,ATL,DEN,2.0,0,1.7683532,1.1563127,0.6104906764801823,0.4749128345798266,3.768353223800659,ATL,0.6104906764801823,0.0,LOSS,-1.0
2024,11,BAL,PIT,-3.0,0,-1.6308489,7.1696854,0.3652282755653605,0.7731422813546356,-4.6308488845825195,PIT,0.7731422813546356,1.0,WIN,0.9090909090909091
2024,11,BUF,KC,-2.5,1,7.4748416,5.666723,0.6442946466040518,0.727172733910586,4.974841594696045,KC,0.727172733910586,0.0,LOSS,-1.0
2024,11,CHI,GB,6.0,1,0.61553115,1.6750116,0.6882333672433145,0.3737755254021179,6.615531146526337,CHI,0.6882333672433145,1.0,WIN,0.9090909090909091
2024,11,CIN,LAC,1.0,0,-5.7761946,11.796228,0.36119266661961635,0.7864530141025499,-4.7761945724487305,LAC,0.7864530141025499,1.0,WIN,0.9090909090909091
2024,11,CLE,NO,-1.0,0,-8.0701,0.043283574,0.2514636897592457,0.5310099433110339,-9.070099830627441,NO,0.5310099433110339,1.0,WIN,0.9090909090909091
2024,11,DAL,HOU,7.5,1,-1.9920722,1.426413,0.6588510877519753,0.32599074493390157,5.507927775382996,DAL,0.6588510877519753,0.0,LOSS,-1.0
2024,11,DET,JAX,-14.0,1,12.408916,-11.789659,0.4527789966427742,0.5654384793227446,-1.5910835266113281,JAX,0.5654384793227446,0.0,LOSS,-1.0
2024,11,IND,NYJ,4.0,0,-2.0666819,3.300617,0.5573056937314131,0.4791988864189429,1.9333181381225586,IND,0.5573056937314131,1.0,WIN,0.9090909090909091
2024,11,LA,NE,-4.0,0,-0.8620376,-0.35087162,0.3588173320277495,0.6070927327630269,-4.8620375990867615,NE,0.6070927327630269,0.0,LOSS,-1.0
2024,11,LV,MIA,8.0,0,-7.536918,1.1453913,0.5137769916029937,0.3055894751622368,0.46308183670043945,LV,0.5137769916029937,0.0,LOSS,-1.0
2024,11,MIN,TEN,-6.0,0,0.34752852,-3.2625895,0.337246448740252,0.5808227310802356,-5.652471482753754,TEN,0.5808227310802356,0.0,LOSS,-1.0
2024,11,PHI,WAS,-4.5,1,14.4011965,-3.4278834,0.7672792588327388,0.5318649223745203,9.901196479797363,PHI,0.7672792588327388,1.0,WIN,0.9090909090909091
2024,11,SEA,SF,6.0,0,-5.362712,1.6770324,0.5189559308347631,0.3738322344792198,0.6372880935668945,SEA,0.5189559308347631,1.0,WIN,0.9090909090909091
2024,12,ARI,SEA,-1.0,0,-1.0898309,-1.942639,0.43809582768858457,0.4719756856107481,-2.0898308753967285,SEA,0.4719756856107481,1.0,WIN,0.9090909090909091
2024,12,BAL,CHI,-3.0,0,1.0006466,5.3083744,0.4407530260003909,0.7305889817740925,-1.9993534088134766,CHI,0.7305889817740925,0.0,LOSS,-1.0
2024,12,CAR,KC,11.0,1,-0.23095603,2.1737494,0.7858863476870441,0.2571304616777539,10.7690439671278,CAR,0.7858863476870441,1.0,WIN,0.9090909090909091
2024,12,CLE,PIT,3.5,1,-2.1766086,1.8464848,0.5393083912677231,0.450936516396443,1.3233914375305176,CLE,0.5393083912677231,1.0,WIN,0.9090909090909091
2024,12,DAL,WAS,10.5,0,-0.86552423,2.3392231,0.7613614073071397,0.2729711956587466,9.634475767612457,DAL,0.7613614073071397,1.0,WIN,0.9090909090909091
2024,12,DEN,LV,-6.5,0,-3.0088844,-5.680425,0.2414571553457911,0.5243712027128945,-9.50888442993164,LV,0.5243712027128945,0.0,LOSS,-1.0
2024,12,DET,IND,-7.0,0,2.5029316,-2.4975457,0.3689577696633996,0.6311926493857898,-4.497068405151367,IND,0.6311926493857898,0.0,LOSS,-1.0
2024,12,GB,SF,-6.5,1,3.5256686,-0.0569879,0.4123055996114873,0.6837382365232684,-2.9743313789367676,SF,0.6837382365232684,0.0,LOSS,-1.0
2024,12,HOU,TEN,-8.0,1,7.727113,-5.6813855,0.4918802315266514,0.568608856133688,-0.2728872299194336,TEN,0.568608856133688,1.0,WIN,0.9090909090909091
2024,12,LA,MIN,3.0,1,2.171065,-1.8997996,0.6496820011790181,0.35777437872478884,5.171065092086792,LA,0.6496820011790181,,PUSH,0.0
2024,12,LAC,PHI,3.0,1,5.4436636,1.0053804,0.7338290108240004,0.4408921355570745,8.443663597106934,LAC,0.7338290108240004,0.0,LOSS,-1.0
2024,12,MIA,NE,-7.5,1,5.5190225,-7.5555267,0.44129307361513537,0.49834767645575384,-1.9809775352478027,NE,0.49834767645575384,0.0,LOSS,-1.0
2024,12,NYG,TB,6.5,1,2.2453437,-0.20386669,0.7409728639846769,0.30947713753777784,8.745343685150146,NYG,0.7409728639846769,0.0,LOSS,-1.0
2024,13,ARI,GB,3.5,0,0.7099684,-1.1310487,0.622991689257101,0.3652227164016404,4.209968388080597,ARI,0.622991689257101,1.0,WIN,0.9090909090909091
2024,13,ATL,LAC,1.0,1,7.035271,1.461283,0.7239808482718983,0.513723498024248,8.035271167755127,ATL,0.7239808482718983,0.0,LOSS,-1.0
2024,13,BAL,PHI,-3.0,1,1.7113672,9.871955,0.4617203979798772,0.8267775729625276,-1.2886327505111694,PHI,0.8267775729625276,1.0,WIN,0.9090909090909091
2024,13,BUF,CLE,-6.5,1,7.909146,-8.126913,0.5418452645580484,0.451721453747301,1.4091458320617676,BUF,0.5418452645580484,1.0,WIN,0.9090909090909091
2024,13,CAR,TB,6.5,1,-3.6483088,0.38868237,0.5841409755766537,0.3249907549455697,2.851691246032715,CAR,0.5841409755766537,1.0,WIN,0.9090909090909091
2024,13,CHI,DET,9.5,0,-2.9742625,8.201125,0.6858976142728015,0.461417221211499,6.525737524032593,CHI,0.6858976142728015,1.0,WIN,0.9090909090909091
2024,13,CIN,PIT,-3.0,1,1.3850992,0.10793472,0.45207596369991954,0.5915562293228341,-1.614900827407837,PIT,0.5915562293228341,1.0,WIN,0.9090909090909091
2024,13,DAL,NYG,-4.5,1,-1.4325827,-3.405874,0.32974033016987436,0.5325174492347939,-5.93258273601532,NYG,0.5325174492347939,0.0,LOSS,-1.0
2024,13,DEN,SF,-6.5,1,-0.3041507,-3.3924878,0.3068880689374975,0.5915440329184283,-6.804150700569153,SF,0.5915440329184283,0.0,LOSS,-1.0
2024,13,HOU,JAX,-3.5,0,2.0467987,-10.492502,0.4568521844343567,0.3020547487038385,-1.4532012939453125,HOU,0.4568521844343567,0.0,LOSS,-1.0
2024,13,IND,NE,-2.5,0,-3.495241,-3.4333951,0.3280716995471885,0.4722499972692803,-5.995240926742554,NE,0.4722499972692803,1.0,WIN,0.9090909090909091
2024,13,KC,LV,-13.5,1,6.907304,-5.785357,0.3123598198759037,0.7161092131779877,-6.592696189880371,LV,0.7161092131779877,1.0,WIN,0.9090909090909091
2024,13,LA,NO,-2.5,0,-0.90893954,2.9773242,0.39978055858295547,0.6580223463376049,-3.4089395403862,NO,0.6580223463376049,0.0,LOSS,-1.0
2024,13,MIA,MIN,3.5,0,-2.1388369,3.1306477,0.5404260221106097,0.4890106234248179,1.3611631393432617,MIA,0.5404260221106097,,PUSH,0.0
2024,13,NYJ,SEA,-1.0,1,2.8889706,-4.278096,0.55600110388974,0.4035398059731204,1.8889706134796143,NYJ,0.55600110388974,0.0,LOSS,-1.0
2024,13,TEN,WAS,6.0,0,-2.249574,1.4090886,0.6099803490661605,0.36634015318624036,3.7504260540008545,TEN,0.6099803490661605,0.0,LOSS,-1.0
2024,14,ARI,CHI,-3.0,1,2.229815,-1.1364832,0.4770955872654271,0.5552520071658187,-0.7701849937438965,CHI,0.5552520071658187,,PUSH,0.0
2024,14,ATL,MIN,6.0,0,4.8024898,5.557446,0.7865833932801377,0.48683346841854036,10.802489757537842,ATL,0.7865833932801377,0.0,LOSS,-1.0
2024,14,BUF,LA,-3.5,0,6.922726,0.45884448,0.6006149392020639,0.6158998403558403,3.4227261543273926,LA,0.6158998403558403,1.0,WIN,0.9090909090909091
2024,14,CAR,PHI,14.0,0,-2.2990873,7.082451,0.8047444728468534,0.30397350112059496,11.700912714004517,CAR,0.8047444728468534,1.0,WIN,0.9090909090909091
2024,14,CIN,DAL,-5.0,0,-3.7178526,-0.27157167,0.2596734604670346,0.6374829741052896,-8.717852592468262,DAL,0.6374829741052896,0.0,LOSS,-1.0
2024,14,CLE,PIT,6.0,0,-3.932509,5.500196,0.5612483708193979,0.4851310507186459,2.067491054534912,CLE,0.5612483708193979,0.0,LOSS,-1.0
2024,14,DET,GB,-3.0,1,6.1828895,0.30159467,0.593718440796916,0.5971360822375225,3.182889461517334,GB,0.5971360822375225,,PUSH,0.0
2024,14,JAX,SF,3.0,0,-1.1026049,4.9584317,0.5562489849089963,0.5580441599017795,1.897395133972168,SF,0.5580441599017795,1.0,WIN,0.9090909090909091
2024,14,KC,LAC,-5.0,1,4.193118,1.8825182,0.47600571979884737,0.6951276233402726,-0.8068819046020508,LAC,0.6951276233402726,1.0,WIN,0.9090909090909091
2024,14,LV,TB,7.0,0,-2.2000093,5.639029,0.6394663992236811,0.45957966298448316,4.799990653991699,LV,0.6394663992236811,0.0,LOSS,-1.0
2024,14,MIA,NYJ,-6.5,1,-2.1898074,4.0531516,0.26033378112279126,0.7813509442608653,-8.689807415008545,NYJ,0.7813509442608653,1.0,WIN,0.9090909090909091
2024,14,NO,NYG,-5.5,0,-0.36725894,-2.9184375,0.331484039614988,0.5762870854266298,-5.867258936166763,NYG,0.5762870854266298,1.0,WIN,0.9090909090909091
2024,14,SEA,TEN,3.0,0,-2.9523294,-4.9490805,0.501418547815939,0.27812323523991384,0.047670602798461914,SEA,0.501418547815939,1.0,WIN,0.9090909090909091
2024,15,ARI,NE,-6.0,1,-0.08238933,-1.8035973,0.3257573249468525,0.6226097574650516,-6.082389332354069,NE,0.6226097574650516,,PUSH,0.0
2024,15,ATL,CLE,-4.0,0,-0.7613784,-2.3059883,0.3616032569009554,0.5502579763275367,-4.7613784074783325,CLE,0.5502579763275367,,PUSH,0.0
2024,15,BAL,NYG,-16.0,0,3.7585583,-3.1466613,0.18485469418351558,0.8264418289683538,-12.24144172668457,NYG,0.8264418289683538,,PUSH,0.0
2024,15,BUF,DET,2.5,0,2.3782794,6.059053,0.641631400340976,0.6045194001528281,4.878279447555542,BUF,0.641631400340976,,PUSH,0.0
2024,15,CAR,DAL,-3.0,1,-3.556227,-2.24783,0.3133083280315265,0.5223693135487022,-6.556226968765259,DAL,0.5223693135487022,,PUSH,0.0
2024,15,CHI,MIN,6.5,0,-1.8346974,6.3270636,0.6357299035828562,0.4948540299480795,4.665302634239197,CHI,0.6357299035828562,,PUSH,0.0
2024,15,CIN,TEN,-5.0,0,-0.1876097,-2.1293352,0.3498652968858712,0.5846912421386973,-5.187609702348709,TEN,0.5846912421386973,,PUSH,0.0
2024,15,DEN,IND,-4.0,1,4.9843225,-1.8333836,0.5292610872690324,0.564156788666571,0.9843225479125977,IND,0.564156788666571,,PUSH,0.0
2024,15,GB,SEA,-2.5,0,6.8750176,-0.13071042,0.6276274993163287,0.5700909874798326,4.3750176429748535,GB,0.6276274993163287,,PUSH,0.0
2024,15,HOU,MIA,-2.5,1,2.5115569,0.166738,0.5003439016861081,0.5787674108448639,0.011556863784790039,MIA,0.5787674108448639,,PUSH,0.0
2024,15,JAX,NYJ,3.0,1,-0.72200096,-1.1650422,0.567420155907882,0.37827369112079107,2.2779990434646606,JAX,0.567420155907882,,PUSH,0.0
2024,15,KC,LV,-4.0,0,2.2629507,-3.3214898,0.4484731405262497,0.520180920701124,-1.7370493412017822,LV,0.520180920701124,,PUSH,0.0
2024,15,LA,LAC,3.0,0,-0.028536744,2.741865,0.5876113896955397,0.4923191190816536,2.97146325558424,LA,0.5876113896955397,,PUSH,0.0
2024,15,NO,WAS,7.5,1,-1.4919194,-0.16756447,0.6722697525638707,0.2850567697666463,6.0080806016922,NO,0.6722697525638707,,PUSH,0.0
2024,15,PHI,PIT,-5.5,1,5.191709,2.2765071,0.4908269904824151,0.7176374517922446,-0.308290958404541,PIT,0.7176374517922446,,PUSH,0.0
2024,15,SF,TB,-3.0,1,3.6879733,-1.8835759,0.5204621032016121,0.5331784352790716,0.6879732608795166,TB,0.5331784352790716,,PUSH,0.0
