season,week,picked,opponent,pick_spread,p,covered,is_push,is_fav_pick
2019,1,ARI,DET,2.5,0.46753644943237305,1,False,False
2019,1,CHI,ATL,-3.5,0.5260321497917175,0,True,True
2019,1,MIA,BAL,7.0,0.5792633295059204,0,False,False
2019,1,NYJ,BUF,-2.5,0.5043245553970337,0,False,True
2019,1,CAR,LA,1.5,0.49901750683784485,0,False,False
2019,1,CIN,SEA,9.5,0.5346561670303345,1,False,False
2019,1,PIT,CLE,5.5,0.574601411819458,0,True,False
2019,1,NYG,DAL,7.0,0.5222147703170776,0,False,False
2019,1,LV,DEN,3.0,0.564177393913269,1,False,False
2019,1,GB,MIN,3.5,0.47530609369277954,1,False,False
2019,1,HOU,NO,6.5,0.5848698616027832,1,False,False
2019,1,IND,LAC,6.0,0.4802020788192749,0,True,False
2019,1,JAX,KC,3.5,0.522039532661438,0,False,False
2019,1,NE,TEN,-5.5,0.49926507472991943,1,False,True
2019,1,WAS,PHI,10.5,0.5110427737236023,1,False,False
2019,1,TB,SF,-1.0,0.43895742297172546,0,False,True
2019,2,ARI,BAL,13.0,0.7911366820335388,1,False,False
2019,2,ATL,BUF,1.0,0.45256826281547546,1,False,False
2019,2,TB,CAR,6.5,0.5744180083274841,1,False,False
2019,2,DEN,CHI,3.0,0.5971988439559937,1,False,False
2019,2,CIN,SF,-1.0,0.39773547649383545,0,False,True
2019,2,NYJ,CLE,6.5,0.5498533248901367,0,False,False
2019,2,WAS,DAL,6.0,0.764106035232544,0,False,False
2019,2,DET,LAC,1.0,0.6582698822021484,1,False,False
2019,2,IND,GB,3.0,0.5545973777770996,1,False,False
2019,2,JAX,HOU,7.5,0.8333562612533569,1,False,False
2019,2,LV,KC,7.0,0.6133015155792236,0,False,False
2019,2,LA,NO,-2.0,0.47587141394615173,1,False,True
2019,2,MIA,NE,18.0,0.8322405219078064,0,False,False
2019,2,TEN,MIN,-3.0,0.671707808971405,0,True,True
2019,2,NYG,PHI,1.0,0.8061025738716125,0,True,False
2019,2,SEA,PIT,4.0,0.5551739931106567,1,False,False
2019,3,ARI,CAR,-2.5,0.6727138161659241,0,False,True
2019,3,IND,ATL,-1.0,0.5890316963195801,1,False,True
2019,3,BAL,KC,4.5,0.39746686816215515,0,False,False
2019,3,CIN,BUF,5.5,0.6575149297714233,1,False,False
2019,3,WAS,CHI,5.0,0.8222504258155823,0,False,False
2019,3,CLE,LA,4.0,0.46283966302871704,0,False,False
2019,3,MIA,DAL,22.0,0.7451627254486084,0,False,False
2019,3,DEN,GB,7.0,0.5310571193695068,0,False,False
2019,3,DET,PHI,4.0,0.4862498939037323,1,False,False
2019,3,HOU,LAC,3.0,0.50160813331604,1,False,False
2019,3,JAX,TEN,1.5,0.5968506336212158,1,False,False
2019,3,LV,MIN,8.5,0.640986979007721,0,False,False
2019,3,NYJ,NE,20.5,0.5800045132637024,1,False,False
2019,3,NO,SEA,5.0,0.5060933232307434,1,False,False
2019,3,NYG,TB,5.0,0.628284752368927,1,False,False
2019,3,PIT,SF,6.0,0.6788292527198792,1,False,False
2019,4,SEA,ARI,-5.5,0.411920964717865,1,False,True
2019,4,CIN,ATL,3.5,0.6619524359703064,0,True,False
2019,4,BAL,CLE,-7.5,0.4714049696922302,0,False,True
2019,4,BUF,NE,7.0,0.6228323578834534,1,False,False
2019,4,CAR,HOU,5.5,0.6570377945899963,1,False,False
2019,4,CHI,MIN,1.0,0.5091967582702637,1,False,False
2019,4,NO,DAL,2.5,0.700084388256073,1,False,False
2019,4,DEN,JAX,-2.5,0.5263667702674866,0,False,True
2019,4,DET,KC,7.5,0.7351135611534119,1,False,False
2019,4,PHI,GB,3.5,0.46378031373023987,1,False,False
2019,4,LV,IND,5.5,0.5850701332092285,1,False,False
2019,4,TB,LA,9.0,0.6984235048294067,1,False,False
2019,4,MIA,LAC,15.0,0.8315774202346802,0,False,False
2019,4,WAS,NYG,3.0,0.6124475002288818,0,False,False
2019,4,PIT,TEN,-3.5,0.8459966778755188,1,False,True
2019,5,ARI,CAR,3.0,0.3615739345550537,1,False,False
2019,5,ATL,HOU,4.0,0.49361488223075867,0,False,False
2019,5,PIT,BAL,3.5,0.5466639995574951,1,False,False
2019,5,BUF,DAL,3.5,0.5979380011558533,1,False,False
2019,5,LV,CHI,6.5,0.7145814299583435,1,False,False
2019,5,CIN,JAX,-3.0,0.6515464782714844,0,True,True
2019,5,CLE,SF,5.0,0.5232210755348206,0,False,False
2019,5,DEN,LAC,4.0,0.6746184229850769,1,False,False
2019,5,GB,TEN,3.5,0.7202370166778564,1,False,False
2019,5,IND,KC,10.5,0.6151926517486572,1,False,False
2019,5,SEA,LA,-1.5,0.6399292349815369,0,False,True
2019,5,MIN,NYG,-5.5,0.4926556944847107,1,False,True
2019,5,WAS,NE,15.5,0.7401381134986877,0,False,False
2019,5,NO,TB,-3.0,0.7366588115692139,1,False,True
2019,5,PHI,NYJ,-14.0,0.7578034400939941,1,False,True
2019,6,ATL,ARI,-3.0,0.40514591336250305,0,False,True
2019,6,CIN,BAL,10.5,0.6021870970726013,1,False,False
2019,6,TB,CAR,2.0,0.5161303877830505,0,False,False
2019,6,CLE,SEA,-1.0,0.6470282077789307,0,False,True
2019,6,NYJ,DAL,7.0,0.7613539099693298,1,False,False
2019,6,TEN,DEN,1.0,0.6441693902015686,0,False,False
2019,6,GB,DET,-3.5,0.6714619398117065,0,False,True
2019,6,KC,HOU,-3.5,0.471749871969223,0,False,True
2019,6,JAX,NO,-2.5,0.39428362250328064,0,False,True
2019,6,LA,SF,-3.0,0.6126457452774048,0,False,True
2019,6,PIT,LAC,6.0,0.5389811396598816,1,False,False
2019,6,MIA,WAS,6.0,0.8400297164916992,1,False,False
2019,6,PHI,MIN,3.5,0.7680153250694275,0,False,False
2019,6,NE,NYG,-16.5,0.2980620563030243,1,False,True
2019,7,ARI,NYG,3.5,0.42448756098747253,1,False,False
2019,7,ATL,KC,3.0,0.4929521381855011,0,False,False
2019,7,DAL,BAL,-3.0,0.43455201387405396,1,False,True
2019,7,MIA,BUF,17.0,0.831428587436676,1,False,False
2019,7,NO,CHI,4.0,0.5412805676460266,1,False,False
2019,7,CIN,JAX,4.0,0.8131843209266663,0,False,False
2019,7,LA,DEN,-3.0,0.6678969264030457,1,False,True
2019,7,DET,MIN,2.5,0.32235607504844666,0,False,False
2019,7,GB,LV,-5.5,0.6054480075836182,1,False,True
2019,7,IND,HOU,-1.5,0.629762589931488,1,False,True
2019,7,LAC,SEA,3.0,0.7389926910400391,0,True,False
2019,7,NYJ,NE,9.5,0.6360751986503601,0,False,False
2019,7,PHI,TEN,3.0,0.8786957859992981,0,True,False
2019,7,WAS,SF,10.0,0.6568880081176758,1,False,False
2019,8,ARI,NO,12.5,0.4972516894340515,0,False,False
2019,8,SEA,ATL,-7.5,0.5895365476608276,0,False,True
2019,8,BUF,PHI,-1.0,0.6027018427848816,0,False,True
2019,8,CAR,SF,4.5,0.38839808106422424,0,False,False
2019,8,LAC,CHI,3.5,0.7996326684951782,1,False,False
2019,8,CIN,LA,12.0,0.515931248664856,0,False,False
2019,8,CLE,NE,9.5,0.6396312117576599,0,False,False
2019,8,IND,DEN,-6.0,0.8517193794250488,0,False,True
2019,8,NYG,DET,6.5,0.5756217837333679,1,False,False
2019,8,GB,KC,-5.0,0.48031097650527954,1,False,True
2019,8,LV,HOU,5.0,0.7360048294067383,1,False,False
2019,8,NYJ,JAX,7.0,0.5950769186019897,0,False,False
2019,8,MIA,PIT,14.0,0.5602314472198486,1,False,False
2019,8,WAS,MIN,16.5,0.6283183693885803,1,False,False
2019,8,TB,TEN,2.0,0.7162715792655945,0,False,False
2019,9,ARI,SF,10.5,0.3037538230419159,1,False,False
2019,9,BAL,NE,3.0,0.37318646907806396,1,False,False
2019,9,BUF,WAS,-10.5,0.7596874833106995,1,False,True
2019,9,TEN,CAR,3.5,0.5044185519218445,0,False,False
2019,9,CHI,PHI,5.0,0.6840730905532837,0,False,False
2019,9,CLE,DEN,-4.0,0.6969417929649353,0,False,True
2019,9,NYG,DAL,6.5,0.5280598402023315,0,False,False
2019,9,LV,DET,-2.5,0.5196844339370728,1,False,True
2019,9,LAC,GB,4.0,0.5860997438430786,1,False,False
2019,9,HOU,JAX,1.0,0.8365431427955627,1,False,False
2019,9,PIT,IND,-1.0,0.647138237953186,1,False,True
2019,9,KC,MIN,5.5,0.44338956475257874,1,False,False
2019,9,NYJ,MIA,-3.5,0.6636919379234314,0,False,True
2019,9,TB,SEA,4.0,0.6615351438522339,0,False,False
2019,10,ARI,TB,5.5,0.6899823546409607,1,False,False
2019,10,ATL,NO,14.0,0.476001501083374,1,False,False
2019,10,CIN,BAL,10.5,0.6677110195159912,0,False,False
2019,10,CLE,BUF,-3.0,0.7791791558265686,0,True,True
2019,10,GB,CAR,-5.0,0.5247890949249268,1,False,True
2019,10,CHI,DET,-6.0,0.5860655307769775,1,False,True
2019,10,MIN,DAL,3.5,0.601743757724762,1,False,False
2019,10,MIA,IND,11.0,0.4775809347629547,1,False,False
2019,10,KC,TEN,-5.0,0.6347789764404297,0,False,True
2019,10,PIT,LA,4.0,0.724478006362915,1,False,False
2019,10,LV,LAC,1.0,0.786162793636322,1,False,False
2019,10,NYJ,NYG,3.0,0.7480360865592957,1,False,False
2019,10,SEA,SF,6.5,0.6902784705162048,1,False,False
2019,11,MIN,ARI,-10.0,0.6030154824256897,0,True,True
2019,11,ATL,CAR,3.5,0.3871864080429077,1,False,False
2019,11,HOU,BAL,4.0,0.6420342922210693,0,False,False
2019,11,BUF,MIA,-7.0,0.7026849389076233,1,False,True
2019,11,LA,CHI,-5.0,0.5729115605354309,1,False,True
2019,11,LV,CIN,-13.0,0.7858794331550598,0,False,True
2019,11,CLE,PIT,-3.0,0.5800821781158447,1,False,True
2019,11,DAL,DET,-7.5,0.30214884877204895,1,False,True
2019,11,DEN,SF,10.0,0.5418002605438232,1,False,False
2019,11,JAX,IND,2.5,0.5860775113105774,0,False,False
2019,11,KC,LAC,-5.5,0.7131922245025635,1,False,True
2019,11,PHI,NE,4.5,0.33281537890434265,0,False,False
2019,11,TB,NO,5.0,0.6532335877418518,0,False,False
2019,11,WAS,NYJ,-1.0,0.5832706093788147,0,False,True
2019,12,DEN,ATL,3.5,0.4807042181491852,0,True,False
2019,12,LA,BAL,3.5,0.4145483374595642,0,False,False
2019,12,IND,BUF,3.5,0.610899031162262,1,False,False
2019,12,CAR,NO,10.0,0.5951989889144897,1,False,False
2019,12,CHI,NYG,-6.0,0.3123437464237213,0,False,True
2019,12,CIN,PIT,5.5,0.5822617411613464,0,False,False
2019,12,MIA,CLE,11.0,0.2845405042171478,0,False,False
2019,12,NE,DAL,-5.5,0.41016334295272827,0,False,True
2019,12,WAS,DET,4.0,0.6298416256904602,1,False,False
2019,12,GB,SF,3.0,0.6209591031074524,0,False,False
2019,12,TB,HOU,3.5,0.5123077034950256,1,False,False
2019,12,JAX,TEN,4.5,0.6586778163909912,0,False,False
2019,12,NYJ,LV,3.5,0.5447573661804199,1,False,False
2019,12,SEA,PHI,-1.0,0.5857299566268921,1,False,True
2019,13,ARI,LA,2.5,0.4370739758014679,0,False,False
2019,13,NO,ATL,-7.0,0.4179913103580475,1,False,True
2019,13,SF,BAL,5.5,0.3331895172595978,1,False,False
2019,13,BUF,DAL,6.5,0.5249238014221191,1,False,False
2019,13,WAS,CAR,10.5,0.5076825618743896,1,False,False
2019,13,CHI,DET,-5.5,0.5227733850479126,0,False,True
2019,13,NYJ,CIN,-2.5,0.6957584619522095,0,False,True
2019,13,CLE,IND,-1.0,0.6798368692398071,0,True,True
2019,13,LAC,DEN,-4.5,0.5914534330368042,0,False,True
2019,13,GB,NYG,-6.5,0.6949920058250427,1,False,True
2019,13,HOU,NE,3.5,0.6388485431671143,1,False,False
2019,13,JAX,TB,3.0,0.7141101360321045,0,False,False
2019,13,KC,LV,-11.5,0.542251706123352,1,False,True
2019,13,MIA,PHI,10.5,0.590614914894104,1,False,False
2019,13,SEA,MIN,-2.5,0.5220481157302856,1,False,True
2019,13,PIT,TEN,1.0,0.4902796447277069,1,False,False
2019,14,ARI,PIT,2.5,0.5045512318611145,0,False,False
2019,14,CAR,ATL,3.5,0.5069721341133118,0,False,False
2019,14,BUF,BAL,6.5,0.4011828303337097,0,False,False
2019,14,CHI,DAL,3.0,0.6458538770675659,1,False,False
2019,14,CLE,CIN,-6.5,0.62580806016922,1,False,True
2019,14,HOU,DEN,-8.0,0.5844243764877319,0,False,True
2019,14,DET,MIN,12.0,0.4519273042678833,0,False,False
2019,14,GB,WAS,-13.0,0.40597468614578247,0,False,True
2019,14,IND,NE,3.0,0.6745722889900208,0,True,False
2019,14,LAC,JAX,-3.5,0.6635968685150146,1,False,True
2019,14,KC,TB,3.0,0.4414556324481964,1,False,False
2019,14,LA,SEA,-1.0,0.5194220542907715,1,False,True
2019,14,LV,TEN,3.0,0.4507218599319458,0,False,False
2019,14,NYJ,MIA,-5.0,0.5941205620765686,0,False,True
2019,14,NO,SF,-1.0,0.7725605964660645,0,False,True
2019,14,NYG,PHI,9.5,0.4569028317928314,1,False,False
2019,15,ARI,CLE,3.0,0.571458637714386,1,False,False
2019,15,ATL,SF,10.5,0.36017704010009766,1,False,False
2019,15,NYJ,BAL,17.0,0.3074471950531006,0,False,False
2019,15,PIT,BUF,-1.0,0.6130668520927429,0,False,True
2019,15,SEA,CAR,-6.0,0.5636393427848816,0,True,True
2019,15,CHI,GB,4.0,0.4830768406391144,0,False,False
2019,15,NE,CIN,-10.5,0.558542788028717,1,False,True
2019,15,DAL,LA,1.0,0.7246770262718201,1,False,False
2019,15,KC,DEN,-10.0,0.5294085144996643,1,False,True
2019,15,DET,TB,5.5,0.4281269311904907,0,False,False
2019,15,TEN,HOU,-3.0,0.5942832231521606,0,False,True
2019,15,NO,IND,-8.0,0.8226573467254639,1,False,True
2019,15,LV,JAX,-7.0,0.60833740234375,0,False,True
2019,15,LAC,MIN,1.0,0.5263992547988892,0,False,False
2019,15,NYG,MIA,-3.5,0.7072439789772034,1,False,True
2019,15,PHI,WAS,-7.0,0.4507189393043518,1,False,True
2019,16,ARI,SEA,8.0,0.5538216233253479,1,False,False
2019,16,CAR,ATL,7.5,0.44674134254455566,0,False,False
2019,16,CLE,BAL,9.5,0.7550027370452881,0,False,False
2019,16,NE,BUF,-7.0,0.5579479336738586,0,True,True
2019,16,CHI,KC,6.5,0.5742482542991638,0,False,False
2019,16,CIN,MIA,-1.5,0.7768421769142151,0,False,True
2019,16,DAL,PHI,-2.0,0.5773261785507202,0,False,True
2019,16,DET,DEN,9.5,0.5612350702285767,0,False,False
2019,16,MIN,GB,-4.0,0.4598327875137329,0,False,True
2019,16,NYJ,HOU,3.0,0.5832232236862183,1,False,False
2019,16,JAX,IND,7.5,0.543908417224884,0,False,False
2019,16,LA,SF,7.0,0.5490669012069702,1,False,False
2019,16,LAC,LV,-7.5,0.5124694108963013,0,False,True
2019,16,NO,TEN,-3.5,0.6574962735176086,1,False,True
2019,16,NYG,WAS,-1.0,0.8185876607894897,1,False,True
2019,16,PIT,TB,-3.0,0.46010011434555054,0,True,True
2019,17,LA,ARI,-7.0,0.7400811910629272,0,True,True
2019,17,TB,ATL,-1.0,0.4525381922721863,0,False,True
2019,17,BAL,PIT,2.0,0.4731191098690033,1,False,False
2019,17,NYJ,BUF,-1.5,0.5844547152519226,1,False,True
2019,17,CAR,GB,13.5,0.6615661978721619,0,True,False
2019,17,CHI,MIN,-5.5,0.8244383335113525,0,False,True
2019,17,CLE,CIN,-2.5,0.7583730816841125,0,False,True
2019,17,WAS,DAL,13.0,0.832610547542572,0,False,False
2019,17,LV,DEN,5.5,0.6587427258491516,1,False,False
2019,17,DET,NO,13.5,0.6560735702514648,1,False,False
2019,17,TEN,HOU,-10.0,0.5349819660186768,1,False,True
2019,17,JAX,IND,5.0,0.6959940791130066,1,False,False
2019,17,LAC,KC,10.0,0.6381394863128662,0,True,False
2019,17,MIA,NE,17.5,0.525075376033783,1,False,False
2019,17,NYG,PHI,4.0,0.4686204493045807,0,False,False
2019,17,SEA,SF,3.5,0.47182920575141907,0,False,False
2020,1,ARI,BAL,7.0,0.5541695356369019,1,False,False
2020,1,DAL,ATL,1.0,0.472804456949234,0,True,False
2020,1,NYJ,BUF,6.5,0.5284722447395325,0,False,False
2020,1,LV,CAR,-3.0,0.4995863139629364,1,False,True
2020,1,CHI,DET,2.5,0.5533042550086975,1,False,False
2020,1,CIN,LAC,2.5,0.4713146984577179,0,False,False
2020,1,CLE,SF,7.0,0.49077001214027405,0,True,False
2020,1,TEN,DEN,-3.0,0.5285173654556274,0,False,True
2020,1,GB,LA,1.0,0.47650519013404846,1,False,False
2020,1,HOU,KC,9.5,0.5361022353172302,0,False,False
2020,1,IND,JAX,-7.0,0.5105404853820801,0,False,True
2020,1,MIA,NE,7.5,0.5472759008407593,0,False,False
2020,1,SEA,MIN,1.0,0.4829709231853485,1,False,False
2020,1,TB,NO,4.0,0.5196340680122375,0,False,False
2020,1,PIT,NYG,-6.0,0.4995647370815277,1,False,True
2020,1,PHI,WAS,-5.5,0.4602090120315552,0,False,True
2020,2,CAR,ARI,7.5,0.6287244558334351,0,False,False
2020,2,ATL,DAL,3.0,0.6725707650184631,1,False,False
2020,2,HOU,BAL,7.5,0.5923171043395996,0,False,False
2020,2,BUF,MIA,-5.5,0.5591655969619751,0,False,True
2020,2,NYG,CHI,4.5,0.6045284867286682,1,False,False
2020,2,CIN,CLE,6.0,0.6718780994415283,1,False,False
2020,2,PIT,DEN,-6.0,0.48478537797927856,0,False,True
2020,2,DET,GB,7.0,0.698013424873352,0,False,False
2020,2,MIN,IND,3.5,0.7397119998931885,0,False,False
2020,2,JAX,TEN,7.0,0.5966689586639404,1,False,False
2020,2,KC,LAC,-8.5,0.5170332193374634,0,False,True
2020,2,LA,PHI,2.0,0.4261817932128906,1,False,False
2020,2,LV,NO,4.0,0.4766654372215271,1,False,False
2020,2,SEA,NE,-4.0,0.47488993406295776,1,False,True
2020,2,NYJ,SF,7.0,0.6635367274284363,0,False,False
2020,2,WAS,TB,7.5,0.5939397811889648,0,False,False
2020,3,DET,ARI,4.5,0.5851688981056213,1,False,False
2020,3,CHI,ATL,2.5,0.5082849264144897,1,False,False
2020,3,GB,BAL,3.5,0.5985928177833557,1,False,False
2020,3,BUF,LA,-1.5,0.45957210659980774,1,False,True
2020,3,CAR,LAC,6.0,0.5666631460189819,1,False,False
2020,3,CIN,PHI,5.5,0.5353199243545532,1,False,False
2020,3,WAS,CLE,7.5,0.5236847996711731,0,False,False
2020,3,DAL,SEA,5.5,0.5795154571533203,0,False,False
2020,3,TB,DEN,-6.0,0.5053304433822632,1,False,True
2020,3,HOU,PIT,4.0,0.7007076144218445,0,False,False
2020,3,NYJ,IND,12.5,0.650925874710083,0,False,False
2020,3,MIA,JAX,3.0,0.589549720287323,1,False,False
2020,3,KC,NO,3.5,0.5421212315559387,1,False,False
2020,3,LV,NE,7.0,0.551034152507782,0,False,False
2020,3,MIN,SF,3.0,0.6250401139259338,1,False,False
2020,3,NYG,TEN,3.0,0.5465213060379028,0,True,False
2020,4,CAR,ARI,3.0,0.6007772088050842,1,False,False
2020,4,ATL,GB,5.0,0.5443485975265503,0,False,False
2020,4,BAL,WAS,-14.5,0.571732223033905,0,False,True
2020,4,DET,BUF,3.0,0.30143019556999207,0,False,False
2020,4,CHI,IND,3.5,0.34635376930236816,0,False,False
2020,4,DEN,CIN,1.0,0.5631992816925049,1,False,False
2020,4,CLE,DAL,3.5,0.7673913240432739,1,False,False
2020,4,MIN,HOU,3.5,0.5329834818840027,1,False,False
2020,4,NYJ,JAX,-1.0,0.7995918989181519,0,True,True
2020,4,KC,NE,-7.0,0.5631141662597656,1,False,True
2020,4,LA,NYG,-13.5,0.6291801333427429,0,False,True
2020,4,TB,LAC,-7.5,0.5370368957519531,0,False,True
2020,4,NO,LV,-3.0,0.6548492312431335,1,False,True
2020,4,SEA,MIA,-4.5,0.363819420337677,1,False,True
2020,4,PHI,SF,8.5,0.42882105708122253,1,False,False
2020,5,NYJ,ARI,7.0,0.7819045782089233,0,False,False
2020,5,ATL,CAR,-2.5,0.5893243551254272,0,False,True
2020,5,BAL,CIN,-12.5,0.47763973474502563,1,False,True
2020,5,TEN,BUF,3.0,0.5400149822235107,1,False,False
2020,5,TB,CHI,-3.5,0.5883306860923767,0,False,True
2020,5,CLE,IND,-1.0,0.6656966805458069,1,False,True
2020,5,NYG,DAL,7.5,0.55875164270401,1,False,False
2020,5,JAX,HOU,6.5,0.46148496866226196,0,False,False
2020,5,LV,KC,11.0,0.5780180096626282,1,False,False
2020,5,WAS,LA,7.0,0.621747612953186,0,False,False
2020,5,NO,LAC,-7.0,0.6442972421646118,0,False,True
2020,5,SF,MIA,-8.5,0.7248826026916504,0,False,True
2020,5,SEA,MIN,-6.5,0.4793907701969147,0,False,True
2020,5,PHI,PIT,7.5,0.3691130578517914,0,False,False
2020,6,ARI,DAL,1.0,0.554320216178894,1,False,False
2020,6,ATL,MIN,3.5,0.5764876008033752,1,False,False
2020,6,PHI,BAL,10.5,0.5470544099807739,1,False,False
2020,6,BUF,KC,5.5,0.6292208433151245,0,False,False
2020,6,CAR,CHI,-2.0,0.4974566698074341,0,False,True
2020,6,IND,CIN,-7.5,0.6524748206138611,0,False,True
2020,6,PIT,CLE,-3.0,0.45107904076576233,1,False,True
2020,6,NE,DEN,-7.0,0.3632979094982147,0,False,True
2020,6,JAX,DET,3.0,0.5457785725593567,0,False,False
2020,6,GB,TB,-3.0,0.5792449712753296,0,False,True
2020,6,TEN,HOU,-4.0,0.6123775839805603,1,False,True
2020,6,SF,LA,2.0,0.6536269783973694,1,False,False
2020,6,NYJ,MIA,9.5,0.7023124098777771,0,False,False
2020,6,WAS,NYG,2.0,0.6646267771720886,1,False,False
2020,7,SEA,ARI,-3.5,0.6553757786750793,0,False,True
2020,7,ATL,DET,-1.0,0.7829193472862244,0,False,True
2020,7,BUF,NYJ,-9.5,0.7580482959747314,0,False,True
2020,7,CAR,NO,7.0,0.7162006497383118,1,False,False
2020,7,LA,CHI,-6.5,0.6509824395179749,1,False,True
2020,7,CIN,CLE,4.5,0.5113351345062256,1,False,False
2020,7,WAS,DAL,1.0,0.5574256181716919,1,False,False
2020,7,DEN,KC,7.0,0.3270140290260315,0,False,False
2020,7,GB,HOU,-2.5,0.42702576518058777,1,False,True
2020,7,LAC,JAX,-8.0,0.38168302178382874,1,False,True
2020,7,TB,LV,-3.5,0.6360419988632202,1,False,True
2020,7,SF,NE,3.0,0.6555655598640442,1,False,False
2020,7,NYG,PHI,5.0,0.5662675499916077,1,False,False
2020,7,TEN,PIT,-1.0,0.5193265080451965,0,False,True
2020,8,ATL,CAR,1.5,0.5328260064125061,1,False,False
2020,8,NE,BAL,4.0,0.4745313823223114,1,False,False
2020,8,PIT,BUF,4.0,0.7675058841705322,1,False,False
2020,8,NO,CHI,-5.5,0.7171751856803894,0,False,True
2020,8,TEN,CIN,-7.5,0.6190250515937805,0,False,True
2020,8,LV,CLE,1.0,0.5504199266433716,1,False,False
2020,8,PHI,DAL,-10.0,0.7396932244300842,1,False,True
2020,8,DEN,LAC,3.0,0.24700386822223663,1,False,False
2020,8,IND,DET,-3.5,0.7561010122299194,1,False,True
2020,8,MIN,GB,5.5,0.6478477716445923,1,False,False
2020,8,NYJ,KC,20.0,0.8072187304496765,0,False,False
2020,8,LA,MIA,-3.5,0.637438178062439,0,False,True
2020,8,TB,NYG,-13.0,0.6779785752296448,0,False,True
2020,8,SEA,SF,-1.0,0.3486858010292053,1,False,True
2020,9,ARI,MIA,-6.0,0.34914982318878174,0,False,True
2020,9,DEN,ATL,4.5,0.6334930658340454,0,False,False
2020,9,BAL,IND,1.0,0.6524945497512817,1,False,False
2020,9,BUF,SEA,3.0,0.5244957804679871,1,False,False
2020,9,CAR,KC,10.0,0.7004329562187195,1,False,False
2020,9,CHI,TEN,6.5,0.5119132399559021,0,False,False
2020,9,DAL,PIT,14.0,0.6487506628036499,1,False,False
2020,9,MIN,DET,-3.0,0.6488109230995178,1,False,True
2020,9,SF,GB,6.0,0.734067976474762,0,False,False
2020,9,JAX,HOU,7.0,0.5660654902458191,1,False,False
2020,9,LAC,LV,1.0,0.4620721638202667,0,False,False
2020,9,NYJ,NE,9.5,0.7955799698829651,1,False,False
2020,9,NO,TB,3.0,0.8237651586532593,1,False,False
2020,9,NYG,WAS,3.0,0.514813244342804,1,False,False
2020,10,ARI,BUF,-3.0,0.474583238363266,0,False,True
2020,10,NE,BAL,7.0,0.5086869597434998,1,False,False
2020,10,CAR,TB,6.0,0.714514434337616,0,False,False
2020,10,MIN,CHI,-3.5,0.613296389579773,1,False,True
2020,10,PIT,CIN,-6.5,0.5595930218696594,1,False,True
2020,10,HOU,CLE,4.5,0.489793598651886,1,False,False
2020,10,DEN,LV,3.5,0.5980300307273865,0,False,False
2020,10,DET,WAS,-2.5,0.3202812671661377,1,False,True
2020,10,JAX,GB,13.5,0.5906610488891602,1,False,False
2020,10,IND,TEN,-1.0,0.7944051027297974,1,False,True
2020,10,LA,SEA,-3.0,0.7451761960983276,1,False,True
2020,10,LAC,MIA,1.0,0.5042814016342163,0,False,False
2020,10,SF,NO,9.5,0.5023907423019409,0,False,False
2020,10,PHI,NYG,-4.5,0.6447033286094666,0,False,True
2020,11,ARI,SEA,3.0,0.6747007966041565,0,False,False
2020,11,NO,ATL,-3.5,0.6775202751159668,1,False,True
2020,11,TEN,BAL,6.0,0.5069103240966797,1,False,False
2020,11,CAR,DET,3.0,0.5621192455291748,1,False,False
2020,11,WAS,CIN,-2.0,0.5471024513244629,1,False,True
2020,11,CLE,PHI,-2.5,0.5759472846984863,1,False,True
2020,11,DAL,MIN,7.0,0.7772106528282166,1,False,False
2020,11,MIA,DEN,-4.0,0.38056787848472595,0,False,True
2020,11,GB,IND,1.5,0.6597741842269897,0,False,False
2020,11,NE,HOU,-2.5,0.5946066975593567,0,False,True
2020,11,JAX,PIT,11.0,0.6504106521606445,0,False,False
2020,11,LV,KC,7.5,0.2662695050239563,1,False,False
2020,11,TB,LA,-4.0,0.672463595867157,0,False,True
2020,11,NYJ,LAC,10.0,0.8554060459136963,1,False,False
2020,12,NE,ARI,1.0,0.7603590488433838,1,False,False
2020,12,ATL,KC,3.5,0.38722777366638184,1,False,False
2020,12,BAL,PIT,10.5,0.5636404752731323,1,False,False
2020,12,LAC,BUF,4.5,0.5180312991142273,0,False,False
2020,12,CAR,IND,3.0,0.6755693554878235,1,False,False
2020,12,CHI,GB,7.5,0.6753772497177124,0,False,False
2020,12,NYG,CIN,-6.5,0.5149514675140381,0,False,True
2020,12,CLE,JAX,-7.5,0.6441972851753235,0,False,True
2020,12,DAL,WAS,-2.5,0.5121753215789795,0,False,True
2020,12,DEN,NO,17.0,0.5843657851219177,0,False,False
2020,12,HOU,DET,-3.0,0.6768247485160828,1,False,True
2020,12,SF,LA,5.0,0.4792766273021698,1,False,False
2020,12,TB,LV,3.5,0.5798345804214478,1,False,False
2020,12,NYJ,MIA,7.5,0.8967475295066833,0,False,False
2020,12,TEN,MIN,3.0,0.7465882301330566,1,False,False
2020,12,PHI,SEA,6.5,0.5510891079902649,1,False,False
2020,13,LA,ARI,-2.5,0.6807416081428528,1,False,True
2020,13,NO,ATL,-2.5,0.5569279789924622,1,False,True
2020,13,DAL,BAL,8.5,0.7014352083206177,0,False,False
2020,13,BUF,SF,1.5,0.4833725690841675,1,False,False
2020,13,CHI,DET,-3.0,0.6781539916992188,0,False,True
2020,13,CIN,MIA,10.5,0.6826874613761902,0,False,False
2020,13,CLE,TEN,4.0,0.6505064964294434,1,False,False
2020,13,DEN,KC,13.0,0.6427118182182312,1,False,False
2020,13,GB,PHI,-8.0,0.7455591559410095,1,False,True
2020,13,IND,HOU,-3.5,0.6409941911697388,1,False,True
2020,13,JAX,MIN,10.5,0.5859735012054443,1,False,False
2020,13,NE,LAC,2.5,0.6363351345062256,1,False,False
2020,13,NYJ,LV,7.5,0.7026413083076477,1,False,False
2020,13,SEA,NYG,-11.0,0.43090152740478516,0,False,True
2020,13,WAS,PIT,5.5,0.5354464650154114,1,False,False
2020,14,CIN,ARI,3.0,0.586391806602478,0,False,False
2020,14,ATL,LAC,1.0,0.660660982131958,0,False,False
2020,14,CLE,BAL,3.0,0.49327054619789124,0,False,False
2020,14,BUF,PIT,-2.0,0.7450704574584961,1,False,True
2020,14,CAR,DEN,-4.0,0.7532589435577393,0,False,True
2020,14,CHI,HOU,1.0,0.7515682578086853,1,False,False
2020,14,DAL,NYG,-3.0,0.5893940925598145,1,False,True
2020,14,GB,DET,-9.5,0.6751317977905273,0,False,True
2020,14,IND,LV,-2.5,0.5444662570953369,1,False,True
2020,14,JAX,KC,7.5,0.6129763722419739,0,True,False
2020,14,LA,NE,-5.0,0.8421335816383362,1,False,True
2020,14,NO,MIA,-7.5,0.6292708516120911,0,False,True
2020,14,TB,MIN,-7.0,0.8036252856254578,1,False,True
2020,14,NYJ,SEA,16.5,0.8500102758407593,0,False,False
2020,14,PHI,TEN,7.5,0.5198819637298584,1,False,False
2020,14,WAS,SF,3.0,0.6800991296768188,1,False,False
2020,15,PHI,ARI,6.5,0.7272446155548096,0,False,False
2020,15,CLE,ATL,-6.0,0.7198772430419922,1,False,True
2020,15,JAX,BAL,13.0,0.7016082406044006,0,False,False
2020,15,DEN,BUF,5.5,0.6445079445838928,0,False,False
2020,15,CAR,GB,9.5,0.6056336164474487,1,False,False
2020,15,CHI,MIN,2.5,0.5615482926368713,1,False,False
2020,15,CIN,PIT,14.5,0.7103371620178223,1,False,False
2020,15,DAL,SF,4.0,0.5115765333175659,1,False,False
2020,15,DET,TEN,9.5,0.41275426745414734,0,False,False
2020,15,IND,HOU,-7.5,0.5218923091888428,0,False,True
2020,15,NO,KC,2.5,0.5128402709960938,0,False,False
2020,15,NYJ,LA,17.5,0.7469938397407532,1,False,False
2020,15,LAC,LV,3.5,0.4139322340488434,1,False,False
2020,15,NE,MIA,-1.5,0.6759308576583862,0,False,True
2020,15,SEA,NYG,-6.0,0.6484646797180176,0,True,True
2020,15,TB,WAS,-6.0,0.7571382522583008,0,False,True
2020,16,ARI,SF,-6.0,0.6163612008094788,0,False,True
2020,16,ATL,KC,11.0,0.49111250042915344,1,False,False
2020,16,NYG,BAL,10.0,0.6739380359649658,0,False,False
2020,16,NE,BUF,7.0,0.639186441898346,0,False,False
2020,16,PIT,CAR,1.0,0.7417607307434082,1,False,False
2020,16,CHI,JAX,-9.5,0.5059186816215515,1,False,True
2020,16,CIN,HOU,7.5,0.6139175891876221,1,False,False
2020,16,CLE,NYJ,-6.5,0.7099850177764893,0,False,True
2020,16,PHI,DAL,-3.0,0.5903005599975586,0,False,True
2020,16,LAC,DEN,-2.5,0.4873155951499939,1,False,True
2020,16,TB,DET,-12.0,0.770218014717102,1,False,True
2020,16,TEN,GB,3.0,0.48583218455314636,0,False,False
2020,16,WAS,IND,1.0,0.5549579858779907,0,True,False
2020,16,LA,SEA,1.5,0.6357924938201904,0,False,False
2020,16,LV,MIA,2.0,0.6850225329399109,1,False,False
2020,16,MIN,NO,6.5,0.5420179963111877,0,False,False
2020,17,LA,ARI,-1.0,0.4985836446285248,1,False,True
2020,17,ATL,TB,7.5,0.5663313865661621,0,False,False
2020,17,CIN,BAL,13.5,0.7286220192909241,0,False,False
2020,17,BUF,MIA,3.5,0.4584988057613373,1,False,False
2020,17,NO,CAR,-6.0,0.5155622363090515,1,False,True
2020,17,GB,CHI,-4.5,0.5390973687171936,1,False,True
2020,17,PIT,CLE,10.5,0.6180060505867004,1,False,False
2020,17,DAL,NYG,-1.5,0.5981696248054504,0,False,True
2020,17,LV,DEN,-2.5,0.7480228543281555,0,False,True
2020,17,DET,MIN,3.0,0.40510639548301697,1,False,False
2020,17,LAC,HOU,-7.0,0.5000758171081543,1,False,True
2020,17,JAX,IND,15.5,0.6130592226982117,1,False,False
2020,17,KC,SEA,7.0,0.7473061084747314,0,True,False
2020,17,NE,NYJ,-3.0,0.5455175042152405,1,False,True
2020,17,WAS,PHI,-6.5,0.6510419845581055,0,False,True
2020,17,TEN,SF,-7.0,0.6649886965751648,0,False,True
2021,1,TEN,ARI,-2.5,0.46819424629211426,0,False,True
2021,1,MIA,ATL,3.5,0.519168496131897,1,False,False
2021,1,CIN,BAL,3.0,0.5181060433387756,1,False,False
2021,1,PIT,BUF,6.5,0.5066229104995728,1,False,False
2021,1,NYJ,CAR,3.5,0.5153017640113831,0,False,False
2021,1,LA,CHI,-9.5,0.4941262900829315,1,False,True
2021,1,CLE,KC,5.5,0.48787185549736023,1,False,False
2021,1,DAL,TB,10.0,0.49302318692207336,1,False,False
2021,1,IND,DEN,3.0,0.4917517304420471,0,False,False
2021,1,SF,DET,-9.5,0.4689946472644806,0,False,True
2021,1,NO,GB,4.0,0.49128392338752747,1,False,False
2021,1,HOU,JAX,3.5,0.4737321436405182,1,False,False
2021,1,LAC,WAS,2.5,0.5153645277023315,1,False,False
2021,1,LV,MIN,3.0,0.4707182049751282,1,False,False
2021,1,PHI,NE,3.5,0.514549195766449,1,False,False
2021,1,NYG,SEA,3.0,0.5066701769828796,0,False,False
2021,2,MIN,ARI,4.0,0.5945585370063782,1,False,False
2021,2,ATL,CLE,13.5,0.5850757360458374,0,True,False
2021,2,BAL,BUF,3.5,0.5469416975975037,1,False,False
2021,2,CAR,NO,3.0,0.5111972689628601,1,False,False
2021,2,CIN,CHI,2.0,0.44897589087486267,0,False,False
2021,2,DAL,LAC,3.0,0.5911973714828491,1,False,False
2021,2,JAX,DEN,6.0,0.566717267036438,0,False,False
2021,2,DET,GB,11.5,0.5420408248901367,0,False,False
2021,2,HOU,TB,13.5,0.48952481150627136,1,False,False
2021,2,LA,IND,-4.0,0.5697474479675293,0,False,True
2021,2,MIA,KC,3.5,0.5730552077293396,0,True,False
2021,2,LV,PIT,5.5,0.5198387503623962,1,False,False
2021,2,NYJ,NE,5.5,0.5842913389205933,0,False,False
2021,2,NYG,WAS,4.0,0.579103410243988,1,False,False
2021,2,PHI,SF,3.0,0.5734419226646423,0,False,False
2021,2,TEN,SEA,6.5,0.5782169103622437,1,False,False
2021,3,ARI,HOU,-8.0,0.5336310863494873,1,False,True
2021,3,ATL,NE,3.0,0.6435017585754395,1,False,False
2021,3,BAL,DET,-7.5,0.47170311212539673,0,False,True
2021,3,CHI,BUF,7.5,0.52591472864151,0,False,False
2021,3,JAX,CAR,8.0,0.5941134691238403,0,False,False
2021,3,CIN,PIT,2.5,0.547351598739624,1,False,False
2021,3,WAS,CLE,7.5,0.530480682849884,0,False,False
2021,3,GB,DAL,3.5,0.5358384251594543,1,False,False
2021,3,NYJ,DEN,10.5,0.587698221206665,0,False,False
2021,3,IND,TEN,4.5,0.610575258731842,0,False,False
2021,3,KC,LAC,-6.5,0.5287817716598511,0,False,True
2021,3,LA,TB,1.0,0.5655151009559631,1,False,False
2021,3,MIA,LV,4.0,0.5447473526000977,1,False,False
2021,3,MIN,SEA,2.0,0.48511794209480286,1,False,False
2021,3,NO,NYG,3.0,0.5501033067703247,1,False,False
2021,3,PHI,SF,3.5,0.5206959843635559,0,True,False
2021,4,LA,ARI,-3.5,0.5134519338607788,0,False,True
2021,4,ATL,CLE,1.0,0.6021389365196228,0,False,False
2021,4,BAL,DEN,1.0,0.6585702896118164,1,False,False
2021,4,BUF,HOU,-19.0,0.3128214478492737,1,False,True
2021,4,DAL,CAR,-4.5,0.4763075113296509,1,False,True
2021,4,DET,CHI,3.0,0.5740553140640259,0,False,False
2021,4,JAX,CIN,7.5,0.6619242429733276,1,False,False
2021,4,PIT,GB,6.5,0.596936821937561,0,False,False
2021,4,IND,MIA,2.5,0.5804355144500732,1,False,False
2021,4,PHI,KC,7.5,0.612123429775238,0,False,False
2021,4,LAC,LV,-3.0,0.30687281489372253,1,False,True
2021,4,WAS,MIN,-1.0,0.7052795886993408,1,False,True
2021,4,NE,TB,6.0,0.46518072485923767,1,False,False
2021,4,NYG,NO,7.5,0.5577165484428406,1,False,False
2021,4,NYJ,TEN,5.5,0.5231481790542603,1,False,False
2021,4,SEA,SF,2.5,0.6078269481658936,1,False,False
2021,5,SF,ARI,6.0,0.6286900043487549,0,False,False
2021,5,NYJ,ATL,3.0,0.5977159738540649,0,False,False
2021,5,BAL,IND,-7.5,0.5564120411872864,0,False,True
2021,5,BUF,CAR,2.5,0.5621811747550964,1,False,False
2021,5,CHI,LV,5.5,0.4289190471172333,1,False,False
2021,5,CIN,DEN,2.0,0.5023051500320435,0,True,False
2021,5,CLE,KC,2.5,0.5547311902046204,0,True,False
2021,5,NYG,DAL,7.5,0.4547644257545471,0,False,False
2021,5,DET,MIN,10.0,0.7660847902297974,1,False,False
2021,5,PIT,GB,2.0,0.7082188129425049,1,False,False
2021,5,HOU,NE,8.0,0.5479676127433777,1,False,False
2021,5,JAX,TEN,4.0,0.7616676092147827,0,False,False
2021,5,LA,SEA,-2.5,0.5704094171524048,1,False,True
2021,5,PHI,LAC,2.5,0.6870070695877075,1,False,False
2021,5,TB,MIA,-11.0,0.7216542363166809,1,False,True
2021,5,WAS,NO,2.5,0.6882638335227966,0,False,False
2021,6,ARI,BAL,3.0,0.4233323931694031,1,False,False
2021,6,TEN,BUF,6.0,0.37274718284606934,1,False,False
2021,6,MIA,CAR,-2.5,0.7015348672866821,0,True,True
2021,6,CHI,GB,5.5,0.4310992956161499,0,False,False
2021,6,DET,CIN,3.5,0.6703511476516724,0,False,False
2021,6,CLE,LAC,-3.0,0.40161406993865967,0,True,True
2021,6,NE,DAL,3.5,0.496214896440506,0,False,False
2021,6,LV,DEN,5.0,0.6513848304748535,1,False,False
2021,6,IND,HOU,-10.5,0.3862511217594147,1,False,True
2021,6,JAX,MIN,2.5,0.7415014505386353,1,False,False
2021,6,WAS,KC,6.0,0.5534400343894958,0,False,False
2021,6,NYG,LA,7.5,0.5809573531150818,0,False,False
2021,6,PHI,TB,7.0,0.4980451166629791,1,False,False
2021,6,SEA,PIT,5.5,0.6542420387268066,1,False,False
2021,7,HOU,ARI,20.5,0.5463194251060486,0,False,False
2021,7,MIA,ATL,1.5,0.6963210701942444,0,False,False
2021,7,CIN,BAL,6.5,0.5787140130996704,1,False,False
2021,7,NYG,CAR,3.0,0.5201910734176636,1,False,False
2021,7,CHI,TB,12.5,0.47769004106521606,0,False,False
2021,7,DEN,CLE,2.0,0.7776839733123779,0,False,False
2021,7,DET,LA,17.0,0.6023387312889099,1,False,False
2021,7,WAS,GB,8.5,0.6025536060333252,0,False,False
2021,7,IND,SF,3.5,0.4832989275455475,1,False,False
2021,7,KC,TEN,-4.0,0.5292408466339111,0,False,True
2021,7,LV,PHI,-1.0,0.6182379126548767,1,False,True
2021,7,NYJ,NE,7.0,0.6461033821105957,0,False,False
2021,7,SEA,NO,6.0,0.6085560321807861,1,False,False
2021,8,ARI,GB,-6.5,0.29269832372665405,0,False,True
2021,8,CAR,ATL,2.5,0.6257020831108093,1,False,False
2021,8,MIA,BUF,15.0,0.4992591440677643,0,True,False
2021,8,SF,CHI,-4.5,0.6030990481376648,1,False,True
2021,8,NYJ,CIN,11.5,0.6343285441398621,1,False,False
2021,8,PIT,CLE,5.5,0.6124385595321655,1,False,False
2021,8,DAL,MIN,4.5,0.44376111030578613,1,False,False
2021,8,JAX,DEN,4.0,0.62949538230896,0,False,False
2021,8,DET,PHI,3.0,0.6880601644515991,0,False,False
2021,8,HOU,LA,17.0,0.7001609206199646,1,False,False
2021,8,TEN,IND,3.0,0.44095638394355774,1,False,False
2021,8,KC,NYG,-10.5,0.7018449306488037,0,False,True
2021,8,NE,LAC,3.5,0.7066530585289001,1,False,False
2021,8,NO,TB,4.0,0.5875712037086487,1,False,False
2021,8,WAS,SEA,4.0,0.5813339352607727,0,False,False
2021,9,SF,ARI,-5.5,0.6095660924911499,0,False,True
2021,9,KC,ATL,-7.0,0.6645283102989197,0,False,True
2021,9,MIN,BAL,7.5,0.6867486238479614,1,False,False
2021,9,JAX,BUF,14.5,0.7146590352058411,1,False,False
2021,9,CAR,NE,3.5,0.5350555777549744,0,False,False
2021,9,LA,CHI,-7.0,0.6580738425254822,0,False,True
2021,9,CLE,CIN,2.5,0.6907811760902405,1,False,False
2021,9,DEN,DAL,10.5,0.4172530174255371,1,False,False
2021,9,NO,GB,-7.0,0.4994406998157501,0,False,True
2021,9,MIA,HOU,-4.0,0.7013624310493469,1,False,True
2021,9,NYJ,IND,10.5,0.6740529537200928,0,False,False
2021,9,PHI,LAC,1.0,0.5766787528991699,0,False,False
2021,9,NYG,LV,3.0,0.505818784236908,1,False,False
2021,9,TEN,PIT,7.0,0.5375403761863708,1,False,False
2021,10,CAR,ARI,7.0,0.5331190824508667,1,False,False
2021,10,DAL,ATL,-8.0,0.4910421073436737,1,False,True
2021,10,MIA,BAL,8.5,0.4748462438583374,1,False,False
2021,10,BUF,NYJ,-13.0,0.5871016383171082,1,False,True
2021,10,NE,CLE,-2.5,0.447279155254364,1,False,True
2021,10,PHI,DEN,1.0,0.5502166152000427,1,False,False
2021,10,DET,PIT,9.0,0.6254807114601135,1,False,False
2021,10,MIN,GB,3.0,0.6858740448951721,1,False,False
2021,10,JAX,IND,10.5,0.5111823678016663,1,False,False
2021,10,LV,KC,2.5,0.6052059531211853,0,False,False
2021,10,SF,LA,3.5,0.7311962842941284,1,False,False
2021,10,NO,LAC,3.0,0.754476010799408,1,False,False
2021,10,SEA,TEN,3.0,0.34267356991767883,0,True,False
2021,10,WAS,TB,10.0,0.5993037223815918,1,False,False
2021,11,KC,ARI,-2.5,0.6765760779380798,1,False,True
2021,11,NE,ATL,-7.0,0.44374027848243713,1,False,True
2021,11,CHI,BAL,5.0,0.5093854665756226,1,False,False
2021,11,IND,BUF,7.5,0.5407967567443848,1,False,False
2021,11,WAS,CAR,3.5,0.7228032946586609,1,False,False
2021,11,LV,CIN,1.0,0.6428222060203552,0,False,False
2021,11,DET,CLE,13.0,0.5819319486618042,1,False,False
2021,11,DAL,PHI,2.5,0.5313272476196289,0,False,False
2021,11,MIN,GB,1.0,0.5777330994606018,1,False,False
2021,11,HOU,TEN,10.5,0.4849141836166382,1,False,False
2021,11,JAX,SF,6.5,0.5207491517066956,0,False,False
2021,11,PIT,LAC,5.5,0.4850015342235565,1,False,False
2021,11,NYJ,MIA,3.5,0.3403310775756836,0,False,False
2021,11,NO,SEA,2.5,0.6445299386978149,0,True,False
2021,11,NYG,TB,11.5,0.5659385919570923,0,False,False
2021,12,JAX,ATL,1.5,0.6087207198143005,0,False,False
2021,12,CLE,BAL,3.0,0.6654107570648193,0,False,False
2021,12,NO,BUF,7.0,0.7634601593017578,0,False,False
2021,12,CAR,MIA,-1.0,0.42693397402763367,0,False,True
2021,12,CHI,DET,-2.0,0.536437451839447,0,True,True
2021,12,MIN,CIN,3.5,0.6184995174407959,0,False,False
2021,12,LV,DAL,7.0,0.5476019978523254,1,False,False
2021,12,LAC,DEN,-2.5,0.44761955738067627,0,False,True
2021,12,LA,GB,-2.0,0.5376737117767334,0,False,True
2021,12,NYJ,HOU,3.0,0.7329543232917786,1,False,False
2021,12,IND,TB,3.0,0.5304245352745056,0,False,False
2021,12,TEN,NE,7.5,0.40413641929626465,0,False,False
2021,12,NYG,PHI,4.0,0.6975247859954834,1,False,False
2021,12,PIT,SF,3.5,0.4095368981361389,0,False,False
2021,12,WAS,SEA,1.0,0.5308663249015808,1,False,False
2021,13,CHI,ARI,7.5,0.49874347448349,0,False,False
2021,13,ATL,TB,11.0,0.4375571608543396,0,False,False
2021,13,BAL,PIT,-4.0,0.5266735553741455,0,False,True
2021,13,NE,BUF,3.0,0.458973228931427,1,False,False
2021,13,CIN,LAC,-2.5,0.5785704255104065,0,False,True
2021,13,NO,DAL,6.0,0.5727279186248779,0,False,False
2021,13,DEN,KC,8.5,0.5800826549530029,0,False,False
2021,13,MIN,DET,-7.0,0.4099796414375305,0,False,True
2021,13,IND,HOU,-10.0,0.37546682357788086,1,False,True
2021,13,JAX,LA,14.0,0.684673547744751,0,False,False
2021,13,LV,WAS,-1.0,0.7184424996376038,0,False,True
2021,13,MIA,NYG,-6.5,0.5441895723342896,1,False,True
2021,13,NYJ,PHI,5.0,0.5710693597793579,0,False,False
2021,13,SEA,SF,3.0,0.6102476119995117,1,False,False
2021,14,BAL,ARI,3.0,0.410343199968338,1,False,False
2021,14,ATL,CAR,2.5,0.6620470881462097,1,False,False
2021,14,MIN,BUF,-3.5,0.3149838447570801,1,False,True
2021,14,CHI,GB,11.5,0.659394383430481,0,False,False
2021,14,CIN,SF,2.5,0.5836837291717529,0,False,False
2021,14,LA,CLE,3.0,0.7497276067733765,1,False,False
2021,14,DAL,WAS,-6.5,0.5202571749687195,1,False,True
2021,14,DEN,DET,-13.0,0.48987123370170593,1,False,True
2021,14,SEA,HOU,-10.0,0.4866098165512085,1,False,True
2021,14,JAX,TEN,8.5,0.6939700841903687,0,False,False
2021,14,LV,KC,10.0,0.5813005566596985,0,False,False
2021,14,NYG,LAC,9.5,0.6271371841430664,0,False,False
2021,14,NYJ,NO,4.5,0.5690157413482666,0,False,False
2021,14,PIT,TB,3.5,0.45902878046035767,0,False,False
2021,15,DET,ARI,13.0,0.5556567907333374,1,False,False
2021,15,SF,ATL,-9.5,0.6130473613739014,1,False,True
2021,15,BAL,GB,9.5,0.5981689095497131,1,False,False
2021,15,CAR,BUF,14.0,0.5220401883125305,0,False,False
2021,15,MIN,CHI,-7.0,0.4242892265319824,1,False,True
2021,15,CIN,DEN,3.0,0.7021728157997131,1,False,False
2021,15,CLE,KC,3.0,0.6805018186569214,1,False,False
2021,15,NYG,DAL,11.5,0.6351742744445801,0,False,False
2021,15,JAX,HOU,-6.0,0.6278313398361206,0,False,True
2021,15,IND,NE,1.0,0.6104232668876648,1,False,False
2021,15,SEA,LA,7.5,0.7164298295974731,0,False,False
2021,15,LV,LAC,-3.0,0.4982258081436157,0,True,True
2021,15,NYJ,MIA,10.5,0.7090160250663757,1,False,False
2021,15,NO,TB,11.5,0.6070294380187988,1,False,False
2021,15,WAS,PHI,10.0,0.7296921610832214,0,True,False
2021,15,TEN,PIT,1.0,0.6163967251777649,0,False,False
2021,16,ARI,IND,-3.0,0.5663184523582458,0,False,True
2021,16,ATL,BAL,-7.5,0.5475838780403137,0,True,True
2021,16,BUF,NE,1.0,0.514904797077179,1,False,False
2021,16,CAR,TB,11.5,0.5326798558235168,0,False,False
2021,16,CHI,SEA,7.0,0.3981873095035553,1,False,False
2021,16,CIN,CLE,-7.5,0.5233591794967651,1,False,True
2021,16,PIT,DAL,10.5,0.4276520013809204,0,False,False
2021,16,LV,DEN,1.0,0.6632872819900513,1,False,False
2021,16,DET,GB,7.5,0.6219104528427124,1,False,False
2021,16,LAC,HOU,-13.5,0.48922738432884216,0,False,True
2021,16,JAX,NYJ,2.5,0.6847354769706726,0,False,False
2021,16,WAS,KC,10.5,0.44301941990852356,0,False,False
2021,16,LA,MIN,-3.5,0.5952823162078857,1,False,True
2021,16,NO,MIA,3.0,0.4486079514026642,0,False,False
2021,16,NYG,PHI,11.0,0.5640541911125183,0,False,False
2021,16,TEN,SF,3.5,0.5607376098632812,1,False,False
2021,17,ARI,DAL,6.5,0.7085251808166504,1,False,False
2021,17,BUF,ATL,-14.0,0.6651734113693237,0,True,True
2021,17,BAL,LA,7.0,0.6440902352333069,1,False,False
2021,17,CAR,CHI,7.0,0.704269289970398,0,False,False
2021,17,KC,CIN,-3.5,0.4412660598754883,0,False,True
2021,17,CLE,PIT,-1.0,0.6118595600128174,0,False,True
2021,17,DEN,LAC,8.0,0.6967743039131165,0,False,False
2021,17,DET,IND,8.5,0.6237379312515259,0,True,False
2021,17,MIN,GB,13.0,0.6074786186218262,0,False,False
2021,17,HOU,SF,14.0,0.5648578405380249,0,False,False
2021,17,JAX,NE,17.5,0.6125281453132629,0,False,False
2021,17,LV,SEA,8.5,0.6774870157241821,1,False,False
2021,17,TEN,MIA,-3.0,0.5819135308265686,1,False,True
2021,17,NYG,NO,7.0,0.6245658993721008,0,False,False
2021,17,TB,NYJ,-14.5,0.4751316010951996,0,False,True
2021,17,WAS,PHI,6.5,0.599815845489502,1,False,False
2021,18,SEA,ARI,5.5,0.6117348670959473,1,False,False
2021,18,ATL,NO,4.5,0.42558807134628296,0,False,False
2021,18,PIT,BAL,3.0,0.7026612162590027,1,False,False
2021,18,BUF,NYJ,-16.0,0.5688323378562927,1,False,True
2021,18,CAR,TB,11.0,0.6793893575668335,0,False,False
2021,18,MIN,CHI,-3.5,0.5676642060279846,1,False,True
2021,18,CIN,CLE,6.5,0.29931503534317017,1,False,False
2021,18,DAL,PHI,-6.5,0.6808675527572632,1,False,True
2021,18,DEN,KC,11.5,0.5821817517280579,1,False,False
2021,18,DET,GB,4.0,0.7331783175468445,1,False,False
2021,18,HOU,TEN,10.5,0.6453734636306763,1,False,False
2021,18,IND,JAX,-14.0,0.5333334803581238,0,False,True
2021,18,SF,LA,3.0,0.5552374720573425,1,False,False
2021,18,LAC,LV,-3.5,0.5455418229103088,0,False,True
2021,18,MIA,NE,6.0,0.7566670775413513,1,False,False
2021,18,NYG,WAS,6.0,0.49884504079818726,0,False,False
2022,1,ARI,DEN,6.0,0.5317184329032898,0,True,False
2022,1,ATL,KC,6.0,0.5232097506523132,1,False,False
2022,1,CHI,BAL,6.5,0.5330086350440979,1,False,False
2022,1,LA,BUF,1.0,0.5222380757331848,0,False,False
2022,1,CLE,CAR,2.5,0.5658051371574402,1,False,False
2022,1,PIT,CIN,7.5,0.5617712736129761,1,False,False
2022,1,DAL,TB,2.5,0.5146945714950562,0,False,False
2022,1,DET,NO,6.0,0.5044549107551575,1,False,False
2022,1,GB,MIN,2.5,0.5758163928985596,0,False,False
2022,1,HOU,IND,7.0,0.4943090081214905,1,False,False
2022,1,JAX,MIA,3.0,0.5596264600753784,0,False,False
2022,1,LV,LAC,3.5,0.5712843537330627,0,False,False
2022,1,NE,WAS,3.0,0.553856611251831,0,False,False
2022,1,NYG,TEN,5.5,0.534390389919281,1,False,False
2022,1,NYJ,SF,6.5,0.5033470392227173,0,True,False
2022,1,SEA,PHI,6.0,0.5159352421760559,1,False,False
2022,2,ARI,LV,5.5,0.5296539664268494,1,False,False
2022,2,DEN,ATL,-10.5,0.5944615602493286,0,False,True
2022,2,MIA,BAL,3.0,0.48227548599243164,1,False,False
2022,2,BUF,TEN,-10.0,0.5050002932548523,1,False,True
2022,2,CAR,DET,-1.0,0.5536139011383057,0,False,True
2022,2,CHI,GB,10.5,0.5498693585395813,0,False,False
2022,2,DAL,CIN,7.5,0.5825721621513367,1,False,False
2022,2,NYJ,CLE,6.5,0.629640519618988,1,False,False
2022,2,HOU,LA,10.5,0.5088050961494446,1,False,False
2022,2,JAX,IND,3.0,0.5212282538414001,1,False,False
2022,2,LAC,KC,4.0,0.5859947800636292,1,False,False
2022,2,MIN,PHI,2.5,0.483982652425766,0,False,False
2022,2,PIT,NE,3.0,0.5320509672164917,0,True,False
2022,2,NO,TB,2.5,0.494057834148407,0,False,False
2022,2,WAS,NYG,-1.0,0.5064345002174377,0,False,True
2022,2,SF,SEA,-8.5,0.6063153147697449,1,False,True
2022,3,ARI,LA,3.5,0.5167586207389832,0,False,False
2022,3,ATL,NYG,1.0,0.5334017276763916,1,False,False
2022,3,BAL,NE,-2.5,0.5235543847084045,1,False,True
2022,3,MIA,BUF,4.0,0.5059509873390198,1,False,False
2022,3,CAR,NO,2.0,0.6247349381446838,1,False,False
2022,3,HOU,CHI,3.0,0.5352092385292053,0,True,False
2022,3,NYJ,CIN,6.5,0.5494171977043152,0,False,False
2022,3,PIT,CLE,4.5,0.6007227897644043,0,False,False
2022,3,DAL,SEA,1.0,0.5334324240684509,1,False,False
2022,3,DEN,SF,1.0,0.5186218619346619,1,False,False
2022,3,DET,LAC,6.5,0.4785003066062927,1,False,False
2022,3,GB,TB,1.0,0.49621865153312683,1,False,False
2022,3,IND,KC,4.5,0.6326521635055542,1,False,False
2022,3,JAX,MIN,6.5,0.5615799427032471,1,False,False
2022,3,TEN,LV,1.5,0.5279306769371033,1,False,False
2022,3,WAS,PHI,6.0,0.5151134729385376,0,False,False
2022,4,ARI,CAR,1.0,0.43873026967048645,1,False,False
2022,4,CLE,ATL,-1.0,0.4065258204936981,0,False,True
2022,4,BUF,BAL,-3.0,0.4576261639595032,0,True,True
2022,4,CHI,DAL,3.0,0.5811358690261841,0,False,False
2022,4,CIN,MIA,-4.0,0.5426719784736633,1,False,True
2022,4,LV,DEN,-2.5,0.5466064214706421,1,False,True
2022,4,NYJ,DET,3.0,0.657775342464447,1,False,False
2022,4,NE,GB,10.0,0.49233415722846985,1,False,False
2022,4,HOU,LAC,5.5,0.4779497981071472,0,False,False
2022,4,TEN,IND,4.5,0.6171290278434753,1,False,False
2022,4,JAX,PHI,6.5,0.6402292847633362,0,False,False
2022,4,KC,SF,1.0,0.6893457174301147,1,False,False
2022,4,LA,TB,1.0,0.4734891355037689,0,True,False
2022,4,NO,MIN,4.0,0.7014056444168091,1,False,False
2022,4,SEA,NYG,3.0,0.689903199672699,1,False,False
2022,4,WAS,PIT,3.0,0.5248842239379883,0,True,False
2022,5,ARI,PHI,5.5,0.6552071571350098,1,False,False
2022,5,TB,ATL,-10.5,0.4935985803604126,0,False,True
2022,5,BAL,CIN,-3.0,0.47140952944755554,0,False,True
2022,5,BUF,PIT,-14.0,0.49836763739585876,1,False,True
2022,5,CAR,SF,6.0,0.7517387270927429,0,False,False
2022,5,CHI,MIN,10.0,0.6575592160224915,1,False,False
2022,5,LAC,CLE,-1.0,0.5869379639625549,1,False,True
2022,5,DAL,LA,5.5,0.6139662861824036,1,False,False
2022,5,IND,DEN,3.5,0.6256155371665955,1,False,False
2022,5,NE,DET,-3.0,0.4141463041305542,1,False,True
2022,5,GB,NYG,-8.5,0.40147867798805237,0,False,True
2022,5,HOU,JAX,7.0,0.5530010461807251,1,False,False
2022,5,LV,KC,7.5,0.6409026980400085,1,False,False
2022,5,NYJ,MIA,3.0,0.5592737793922424,1,False,False
2022,5,SEA,NO,5.5,0.5925580263137817,0,False,False
2022,5,TEN,WAS,-1.0,0.6640363335609436,1,False,True
2022,6,KC,ARI,2.5,0.6452822089195251,0,True,False
2022,6,ATL,SF,3.5,0.37991848587989807,1,False,False
2022,6,BAL,NYG,-5.5,0.4676756262779236,0,False,True
2022,6,SEA,BUF,2.5,0.3969222903251648,1,False,False
2022,6,CAR,LA,10.0,0.6922506093978882,0,False,False
2022,6,WAS,CHI,-1.0,0.7167991995811462,1,False,True
2022,6,CIN,MIA,-3.0,0.5333784818649292,1,False,True
2022,6,NE,CLE,2.5,0.410247266292572,1,False,False
2022,6,PHI,DAL,-6.5,0.45967167615890503,1,False,True
2022,6,DEN,LAC,3.5,0.6728043556213379,1,False,False
2022,6,GB,NYJ,-7.5,0.47931593656539917,0,False,True
2022,6,IND,JAX,-1.0,0.38217228651046753,1,False,True
2022,6,MIN,NO,-3.0,0.5358286499977112,1,False,True
2022,6,PIT,TB,10.0,0.4870170056819916,1,False,False
2022,7,ARI,IND,-2.5,0.4649013876914978,1,False,True
2022,7,BAL,ATL,-6.5,0.5425018072128296,0,True,True
2022,7,CAR,TB,13.0,0.4774988293647766,1,False,False
2022,7,CHI,NE,9.5,0.5810399651527405,1,False,False
2022,7,CLE,CIN,6.5,0.6385440230369568,1,False,False
2022,7,DET,DAL,7.0,0.40960273146629333,0,False,False
2022,7,DEN,NYJ,2.0,0.5902285575866699,0,False,False
2022,7,WAS,GB,4.0,0.6210364103317261,1,False,False
2022,7,HOU,LV,7.0,0.5307286977767944,0,False,False
2022,7,NYG,JAX,3.0,0.36176204681396484,1,False,False
2022,7,SF,KC,1.0,0.5338225960731506,0,False,False
2022,7,SEA,LAC,5.5,0.510378360748291,1,False,False
2022,7,PIT,MIA,7.5,0.6369142532348633,1,False,False
2022,7,NO,TEN,2.5,0.5824383497238159,0,False,False
2022,8,MIN,ARI,-4.0,0.5381202101707458,1,False,True
2022,8,CAR,ATL,4.5,0.569835901260376,1,False,False
2022,8,BAL,TB,2.0,0.5200885534286499,1,False,False
2022,8,CHI,BUF,10.5,0.45457664132118225,0,True,False
2022,8,CIN,CLE,-3.0,0.4936636984348297,0,False,True
2022,8,GB,DAL,10.5,0.509192705154419,1,False,False
2022,8,DEN,JAX,1.0,0.4636090099811554,1,False,False
2022,8,DET,MIA,3.5,0.49951112270355225,0,False,False
2022,8,HOU,LV,1.0,0.5036264061927795,0,True,False
2022,8,IND,NYG,-3.0,0.42481476068496704,0,True,True
2022,8,SF,LA,-1.0,0.45952555537223816,1,False,True
2022,8,NE,NYJ,-3.0,0.45917031168937683,1,False,True
2022,8,NO,TEN,1.0,0.4921915829181671,1,False,False
2022,8,PIT,PHI,11.0,0.488273561000824,0,False,False
2022,8,SEA,WAS,-3.0,0.45444315671920776,1,False,True
2022,9,ARI,SEA,-1.5,0.5367518663406372,0,False,True
2022,9,LAC,ATL,-2.5,0.4463585913181305,1,False,True
2022,9,NO,BAL,1.0,0.6774055361747742,0,False,False
2022,9,BUF,NYJ,-11.0,0.4791145622730255,0,False,True
2022,9,CAR,CIN,7.0,0.5047133564949036,0,False,False
2022,9,GB,CHI,-4.0,0.5493677854537964,0,False,True
2022,9,DET,MIA,4.0,0.54927659034729,1,False,False
2022,9,HOU,PHI,14.0,0.4834383726119995,1,False,False
2022,9,NE,IND,-5.0,0.453141987323761,1,False,True
2022,9,JAX,LV,2.5,0.49206188321113586,1,False,False
2022,9,TEN,KC,14.0,0.3134220838546753,1,False,False
2022,9,TB,LA,-3.0,0.6002693176269531,0,True,True
2022,9,MIN,WAS,-3.0,0.7136308550834656,0,True,True
2022,10,ARI,LA,3.5,0.4160892069339752,1,False,False
2022,10,CAR,ATL,2.5,0.43752676248550415,1,False,False
2022,10,MIN,BUF,6.5,0.5942867994308472,1,False,False
2022,10,CLE,CHI,3.0,0.44556188583374023,0,True,False
2022,10,GB,DAL,3.5,0.5887439250946045,1,False,False
2022,10,TB,DEN,-2.5,0.6088581085205078,1,False,True
2022,10,DET,MIA,3.0,0.6430073380470276,1,False,False
2022,10,HOU,NYG,5.5,0.5749178528785706,0,False,False
2022,10,LV,IND,-4.5,0.6747647523880005,0,False,True
2022,10,JAX,KC,10.0,0.5130817294120789,0,True,False
2022,10,SF,LAC,-8.5,0.45168817043304443,0,False,True
2022,10,PIT,NO,-1.0,0.523462176322937,1,False,True
2022,10,WAS,PHI,11.0,0.6156878471374512,1,False,False
2022,10,SEA,TEN,2.5,0.5288538336753845,0,False,False
2022,11,SF,ARI,-10.0,0.6375920176506042,1,False,True
2022,11,CHI,ATL,3.0,0.6144384145736694,0,True,False
2022,11,BAL,CAR,-13.0,0.5155472159385681,0,False,True
2022,11,CLE,BUF,7.5,0.6311782598495483,0,False,False
2022,11,PIT,CIN,3.5,0.5134586691856384,0,False,False
2022,11,MIN,DAL,1.5,0.6581233143806458,0,False,False
2022,11,LA,DEN,2.5,0.6423520445823669,0,True,False
2022,11,DET,GB,3.0,0.5701252222061157,1,False,False
2022,11,HOU,WAS,3.0,0.5192254185676575,0,False,False
2022,11,PHI,IND,-6.5,0.601147472858429,0,False,True
2022,11,LAC,KC,5.5,0.4376789927482605,1,False,False
2022,11,LV,NO,2.5,0.5266308784484863,1,False,False
2022,11,NE,NYJ,-3.5,0.32240214943885803,1,False,True
2022,11,NYG,TEN,-3.0,0.3921827971935272,0,False,True
2022,12,LAC,ARI,-2.5,0.4774363338947296,0,False,True
2022,12,ATL,WAS,3.5,0.4806262254714966,0,False,False
2022,12,JAX,BAL,3.5,0.6449897885322571,1,False,False
2022,12,BUF,DET,-10.0,0.4499792158603668,0,False,True
2022,12,CIN,CAR,-1.0,0.5067122578620911,1,False,True
2022,12,CHI,NYJ,8.5,0.39435067772865295,0,False,False
2022,12,TB,CLE,-3.0,0.41186490654945374,0,False,True
2022,12,NYG,DAL,10.5,0.5010708570480347,1,False,False
2022,12,DEN,TEN,-1.0,0.4649183750152588,0,True,True
2022,12,GB,PHI,6.5,0.5409128665924072,0,False,False
2022,12,HOU,MIA,14.0,0.5515298247337341,0,False,False
2022,12,IND,NE,-2.5,0.4163476824760437,0,True,True
2022,12,LA,KC,16.5,0.6922341585159302,1,False,False
2022,12,LV,SEA,4.0,0.5709431767463684,1,False,False
2022,12,PIT,MIN,2.5,0.6815856099128723,1,False,False
2022,12,SF,NO,-9.5,0.4628446102142334,1,False,True
2022,13,PIT,ATL,-1.0,0.5665972232818604,1,False,True
2022,13,DEN,BAL,9.5,0.5502724051475525,1,False,False
2022,13,NE,BUF,3.5,0.5339496731758118,0,False,False
2022,13,CHI,GB,4.0,0.4656064510345459,0,False,False
2022,13,CIN,KC,2.5,0.6540933847427368,1,False,False
2022,13,HOU,CLE,7.5,0.6694625616073608,0,False,False
2022,13,IND,DAL,11.0,0.5008373260498047,0,False,False
2022,13,JAX,DET,1.0,0.7312167286872864,0,False,False
2022,13,LA,SEA,7.0,0.6497831344604492,1,False,False
2022,13,LAC,LV,2.5,0.5206027030944824,0,False,False
2022,13,SF,MIA,-4.5,0.5400934815406799,1,False,True
2022,13,MIN,NYJ,-3.0,0.6327077746391296,1,False,True
2022,13,NO,TB,3.5,0.5780912637710571,1,False,False
2022,13,NYG,WAS,2.5,0.47935548424720764,1,False,False
2022,13,TEN,PHI,5.0,0.5826804637908936,0,False,False
2022,14,NE,ARI,-2.0,0.5728808641433716,1,False,True
2022,14,BAL,PIT,1.5,0.7319976091384888,1,False,False
2022,14,BUF,NYJ,-10.0,0.6480896472930908,0,False,True
2022,14,CAR,SEA,3.5,0.4203602373600006,1,False,False
2022,14,CLE,CIN,4.5,0.4097805619239807,0,False,False
2022,14,DAL,HOU,-17.0,0.6040772199630737,0,False,True
2022,14,KC,DEN,-8.5,0.45482152700424194,0,False,True
2022,14,MIN,DET,2.5,0.5086700320243835,0,False,False
2022,14,JAX,TEN,3.0,0.5249219536781311,1,False,False
2022,14,LA,LV,6.5,0.6725233197212219,1,False,False
2022,14,MIA,LAC,-3.0,0.5593686103820801,0,False,True
2022,14,NYG,PHI,7.5,0.5367386341094971,0,False,False
2022,14,SF,TB,-3.5,0.5244784951210022,1,False,True
2022,15,ARI,DEN,1.5,0.49993085861206055,0,False,False
2022,15,ATL,NO,5.0,0.7462937831878662,1,False,False
2022,15,BAL,CAR,2.5,0.6924415230751038,0,True,False
2022,15,MIA,BUF,7.0,0.5843404531478882,1,False,False
2022,15,PHI,CHI,-8.5,0.6510181427001953,0,False,True
2022,15,TB,CIN,3.5,0.6520081758499146,0,False,False
2022,15,CLE,PIT,-2.5,0.5116187334060669,1,False,True
2022,15,JAX,DAL,4.0,0.6193358302116394,1,False,False
2022,15,DET,NYJ,2.0,0.37310877442359924,1,False,False
2022,15,LA,GB,8.0,0.5988982319831848,0,False,False
2022,15,KC,HOU,-14.5,0.6326289772987366,0,False,True
2022,15,IND,MIN,3.5,0.6251158118247986,1,False,False
2022,15,TEN,LAC,3.0,0.47875046730041504,0,True,False
2022,15,LV,NE,-1.0,0.6570293307304382,1,False,True
2022,15,NYG,WAS,4.5,0.46559369564056396,1,False,False
2022,15,SF,SEA,-3.0,0.5734949707984924,1,False,True
2022,16,TB,ARI,-7.5,0.6881207823753357,0,False,True
2022,16,ATL,BAL,6.5,0.7455299496650696,0,False,False
2022,16,BUF,CHI,-8.0,0.5257715582847595,1,False,True
2022,16,CAR,DET,2.5,0.46978822350502014,1,False,False
2022,16,LA,CIN,3.0,0.6697662472724915,1,False,False
2022,16,HOU,CLE,3.0,0.5914717316627502,1,False,False
2022,16,PHI,DAL,4.0,0.6868982315063477,0,False,False
2022,16,NE,DEN,3.0,0.6910452246665955,0,True,False
2022,16,MIA,GB,-3.5,0.5467470288276672,0,False,True
2022,16,IND,LAC,3.5,0.6355413198471069,0,False,False
2022,16,JAX,NYJ,2.5,0.5370577573776245,1,False,False
2022,16,KC,SEA,-10.5,0.5840402245521545,1,False,True
2022,16,PIT,LV,-2.5,0.3963626027107239,1,False,True
2022,16,MIN,NYG,-4.5,0.7189366817474365,0,False,True
2022,16,NO,TEN,3.0,0.42530229687690735,1,False,False
2022,16,WAS,SF,6.5,0.46506932377815247,0,False,False
2022,17,ARI,ATL,7.0,0.4796658158302307,1,False,False
2022,17,CLE,BAL,1.0,0.4634389877319336,1,False,False
2022,17,TB,CAR,-3.5,0.6200904250144958,1,False,True
2022,17,DET,CHI,-4.5,0.6554933786392212,1,False,True
2022,17,TEN,DAL,14.0,0.5804392695426941,0,True,False
2022,17,KC,DEN,-13.5,0.6083718538284302,0,False,True
2022,17,MIA,GB,3.0,0.6371349692344666,1,False,False
2022,17,JAX,HOU,-3.5,0.5727435946464539,1,False,True
2022,17,IND,NYG,5.5,0.6022061705589294,0,False,False
2022,17,LA,LAC,6.5,0.44733449816703796,0,False,False
2022,17,SF,LV,-10.0,0.5078166723251343,0,False,True
2022,17,NE,MIN,-3.0,0.4846622049808502,0,True,True
2022,17,NO,PHI,5.5,0.5536646842956543,1,False,False
2022,17,NYJ,SEA,-1.0,0.7448625564575195,0,False,True
2022,17,PIT,WAS,1.0,0.526863694190979,1,False,False
2022,18,SF,ARI,-14.0,0.47564250230789185,1,False,True
2022,18,ATL,LAC,-6.0,0.6162614822387695,1,False,True
2022,18,CIN,BAL,-11.0,0.6089566349983215,0,True,True
2022,18,BUF,NE,-8.0,0.4996097683906555,1,False,True
2022,18,CAR,MIA,3.5,0.6355528235435486,1,False,False
2022,18,CHI,MIN,6.5,0.5651224851608276,0,False,False
2022,18,PIT,CLE,-2.5,0.3887641429901123,1,False,True
2022,18,WAS,DAL,7.5,0.5365849733352661,1,False,False
2022,18,TB,DEN,6.0,0.7580541372299194,0,True,False
2022,18,GB,DET,-5.5,0.45718181133270264,0,False,True
2022,18,HOU,IND,3.0,0.5661211013793945,1,False,False
2022,18,TEN,JAX,6.0,0.6907627582550049,1,False,False
2022,18,KC,LV,-9.0,0.6841970682144165,1,False,True
2022,18,LA,SEA,5.5,0.5824519395828247,1,False,False
2022,18,NYJ,NO,3.5,0.4942242205142975,0,True,False
2022,18,PHI,NYG,-16.5,0.6974449157714844,0,False,True
2023,1,ARI,WAS,7.0,0.5136687159538269,1,False,False
2023,1,CAR,ATL,3.5,0.5363745093345642,0,False,False
2023,1,HOU,BAL,9.5,0.5165038704872131,0,False,False
2023,1,NYJ,BUF,2.5,0.5506244897842407,1,False,False
2023,1,GB,CHI,1.0,0.5350967645645142,1,False,False
2023,1,CLE,CIN,1.0,0.5388479828834534,1,False,False
2023,1,NE,DAL,3.5,0.5358055830001831,0,False,False
2023,1,LV,DEN,3.0,0.5196223855018616,1,False,False
2023,1,DET,KC,4.0,0.5433088541030884,1,False,False
2023,1,IND,JAX,4.0,0.5564842224121094,0,False,False
2023,1,LA,SEA,4.5,0.5703042149543762,1,False,False
2023,1,MIA,LAC,3.0,0.5290486812591553,1,False,False
2023,1,TB,MIN,4.0,0.560989260673523,1,False,False
2023,1,TEN,NO,3.0,0.5407181978225708,1,False,False
2023,1,NYG,PHI,3.5,0.5649545192718506,0,False,False
2023,1,PIT,SF,1.5,0.537018358707428,0,False,False
2023,2,ARI,NYG,5.0,0.5286372900009155,1,False,False
2023,2,GB,ATL,3.0,0.535561203956604,1,False,False
2023,2,BAL,CIN,3.5,0.5550302863121033,1,False,False
2023,2,BUF,LV,-7.5,0.5227285027503967,1,False,True
2023,2,CAR,NO,3.0,0.620736300945282,0,True,False
2023,2,CHI,TB,2.5,0.614352285861969,0,False,False
2023,2,PIT,CLE,2.5,0.5416104793548584,1,False,False
2023,2,NYJ,DAL,8.5,0.4931996464729309,0,False,False
2023,2,WAS,DEN,4.0,0.57954341173172,1,False,False
2023,2,SEA,DET,4.5,0.6298074126243591,1,False,False
2023,2,HOU,IND,1.0,0.6150691509246826,0,False,False
2023,2,JAX,KC,3.5,0.5404605269432068,0,False,False
2023,2,SF,LA,-7.5,0.5408596992492676,0,False,True
2023,2,LAC,TEN,-2.5,0.56312495470047,0,False,True
2023,2,NE,MIA,2.0,0.5824859142303467,0,False,False
2023,2,MIN,PHI,6.0,0.6333829760551453,0,True,False
2023,3,ARI,DAL,11.5,0.5335540771484375,1,False,False
2023,3,CIN,ATL,-3.0,0.5608425140380859,0,True,True
2023,3,HOU,BAL,7.5,0.5362259745597839,1,False,False
2023,3,WAS,BUF,5.5,0.5658019781112671,0,False,False
2023,3,CAR,SEA,5.0,0.6100801229476929,0,False,False
2023,3,CHI,KC,13.0,0.4706113636493683,0,False,False
2023,3,TEN,CLE,3.5,0.5246925354003906,0,False,False
2023,3,DEN,MIA,6.0,0.6215972304344177,0,False,False
2023,3,LA,DET,3.0,0.522294819355011,0,False,False
2023,3,GB,NO,1.5,0.5256491303443909,1,False,False
2023,3,JAX,IND,-7.5,0.5151981711387634,0,False,True
2023,3,LAC,MIN,1.0,0.6259714961051941,1,False,False
2023,3,PIT,LV,3.0,0.5820510387420654,1,False,False
2023,3,NE,NYJ,-2.5,0.5109498500823975,1,False,True
2023,3,NYG,SF,10.5,0.5247387886047363,0,False,False
2023,3,TB,PHI,6.0,0.5436861515045166,0,False,False
2023,4,SF,ARI,-15.0,0.48042842745780945,1,False,True
2023,4,ATL,JAX,3.5,0.608767032623291,0,False,False
2023,4,CLE,BAL,2.0,0.4133535921573639,0,False,False
2023,4,BUF,MIA,-2.5,0.4572204053401947,1,False,True
2023,4,CAR,MIN,4.5,0.6309589147567749,0,False,False
2023,4,CHI,DEN,3.0,0.5907543301582336,0,True,False
2023,4,GB,CIN,2.5,0.6127941608428955,0,True,False
2023,4,NE,DAL,6.5,0.5712022185325623,0,False,False
2023,4,DET,NYG,-2.5,0.6426709890365601,1,False,True
2023,4,PIT,HOU,-3.0,0.476293683052063,0,False,True
2023,4,LA,IND,-1.0,0.4599319100379944,1,False,True
2023,4,NYJ,KC,9.5,0.6525929570198059,1,False,False
2023,4,LV,LAC,7.0,0.5929844379425049,0,True,False
2023,4,TB,NO,4.0,0.6401796936988831,1,False,False
2023,4,WAS,PHI,9.5,0.5278046727180481,1,False,False
2023,4,TEN,SEA,2.5,0.5852217078208923,1,False,False
2023,5,CIN,ARI,-3.0,0.6083084940910339,1,False,True
2023,5,ATL,HOU,-2.5,0.49689316749572754,0,False,True
2023,5,PIT,BAL,4.5,0.60015869140625,1,False,False
2023,5,JAX,BUF,5.5,0.6322990655899048,1,False,False
2023,5,CAR,DET,9.5,0.618364155292511,0,False,False
2023,5,CHI,WAS,6.0,0.4776487648487091,1,False,False
2023,5,DAL,SF,3.5,0.5830449461936951,0,False,False
2023,5,DEN,NO,-2.5,0.654586672782898,0,False,True
2023,5,LV,GB,-1.0,0.4061247706413269,1,False,True
2023,5,TEN,IND,-2.5,0.633054256439209,0,False,True
2023,5,LA,KC,3.5,0.5034235119819641,0,False,False
2023,5,NYG,MIA,12.5,0.549229621887207,0,False,False
2023,5,MIN,PHI,3.5,0.5939032435417175,0,False,False
2023,5,NYJ,NE,2.5,0.6096894145011902,1,False,False
2023,6,ARI,LA,7.0,0.35054823756217957,0,False,False
2023,6,ATL,WAS,-1.5,0.7093123197555542,0,False,True
2023,6,TEN,BAL,5.5,0.48583516478538513,0,False,False
2023,6,BUF,NYG,-15.5,0.5443142056465149,0,False,True
2023,6,MIA,CAR,-14.0,0.6085945963859558,1,False,True
2023,6,CHI,DET,3.0,0.4869344234466553,0,False,False
2023,6,NE,CIN,3.0,0.5952204465866089,0,False,False
2023,6,CLE,SF,9.5,0.5933933854103088,1,False,False
2023,6,DAL,LAC,-1.5,0.4393862783908844,1,False,True
2023,6,DEN,KC,10.5,0.533506453037262,0,False,False
2023,6,HOU,NO,2.0,0.7120684385299683,1,False,False
2023,6,JAX,IND,-4.0,0.5356932878494263,1,False,True
2023,6,SEA,LV,3.0,0.618016242980957,0,False,False
2023,6,MIN,TB,-3.0,0.6306894421577454,1,False,True
2023,6,PHI,NYJ,-6.5,0.47845205664634705,0,False,True
2023,7,SEA,ARI,-9.5,0.4260048568248749,1,False,True
2023,7,ATL,BAL,3.0,0.6294004321098328,1,False,False
2023,7,NE,BUF,7.5,0.6579177975654602,1,False,False
2023,7,CHI,LV,2.5,0.6589022278785706,1,False,False
2023,7,IND,CLE,3.5,0.5490625500679016,1,False,False
2023,7,DEN,GB,-1.5,0.5026523470878601,1,False,True
2023,7,DET,PHI,3.0,0.5764322280883789,0,False,False
2023,7,NO,JAX,-2.5,0.6227658987045288,0,False,True
2023,7,LAC,KC,5.5,0.589272141456604,0,False,False
2023,7,PIT,LA,3.5,0.4276338815689087,1,False,False
2023,7,MIA,TB,3.0,0.5127596259117126,0,True,False
2023,7,MIN,SF,7.0,0.6010376811027527,1,False,False
2023,7,NYG,WAS,3.0,0.6779986023902893,1,False,False
2023,8,BAL,ARI,-9.5,0.4731920659542084,0,False,True
2023,8,ATL,PIT,-2.5,0.5496219396591187,0,True,True
2023,8,BUF,TB,-10.0,0.5478055477142334,0,False,True
2023,8,CAR,HOU,3.0,0.5227553844451904,1,False,False
2023,8,LAC,CHI,-9.5,0.5006574392318726,1,False,True
2023,8,CIN,SEA,4.0,0.31637972593307495,1,False,False
2023,8,SF,CLE,-4.0,0.48054131865501404,0,True,True
2023,8,DAL,LA,-6.5,0.6483625769615173,1,False,True
2023,8,DEN,KC,7.0,0.686724841594696,1,False,False
2023,8,DET,LV,-7.0,0.45955750346183777,1,False,True
2023,8,GB,MIN,1.0,0.45372459292411804,0,False,False
2023,8,IND,NO,2.0,0.461688369512558,0,False,False
2023,8,JAX,TEN,-2.5,0.48173218965530396,1,False,True
2023,8,NE,MIA,7.5,0.6783488988876343,0,False,False
2023,8,NYG,NYJ,3.0,0.5131950378417969,0,True,False
2023,8,WAS,PHI,7.0,0.5770410299301147,0,True,False
2023,9,ARI,CLE,13.0,0.42269957065582275,0,False,False
2023,9,DAL,ATL,3.5,0.46100664138793945,0,True,False
2023,9,BAL,SEA,-6.0,0.6182265281677246,1,False,True
2023,9,BUF,CIN,1.5,0.6518766283988953,0,False,False
2023,9,CAR,IND,1.5,0.5726491808891296,0,False,False
2023,9,NO,CHI,-9.0,0.5705931186676025,0,False,True
2023,9,GB,LA,-3.5,0.4416344463825226,1,False,True
2023,9,HOU,TB,-2.5,0.5850967168807983,0,False,True
2023,9,MIA,KC,1.0,0.5731484889984131,0,False,False
2023,9,LAC,NYJ,-3.0,0.6474174857139587,1,False,True
2023,9,LV,NYG,-1.0,0.4738278388977051,1,False,True
2023,9,PHI,MIN,-3.5,0.4661710262298584,1,False,True
2023,9,NE,WAS,-2.5,0.6373540759086609,0,False,True
2023,9,TEN,PIT,3.5,0.49842479825019836,0,False,False
2023,10,ATL,ARI,-2.0,0.47636690735816956,0,False,True
2023,10,BAL,CLE,-6.0,0.6283915042877197,0,False,True
2023,10,DEN,BUF,7.5,0.6197458505630493,1,False,False
2023,10,CAR,CHI,3.0,0.5495505928993225,0,True,False
2023,10,HOU,CIN,5.5,0.7382176518440247,1,False,False
2023,10,DAL,NYG,-17.5,0.5185256600379944,1,False,True
2023,10,DET,LAC,-2.5,0.5099655389785767,1,False,True
2023,10,PIT,GB,-3.0,0.5047056078910828,1,False,True
2023,10,IND,LV,-1.0,0.43794167041778564,1,False,True
2023,10,NO,JAX,-3.0,0.547016441822052,0,True,True
2023,10,SF,MIN,-3.0,0.5047006607055664,1,False,True
2023,10,NE,NYJ,1.0,0.6632171273231506,0,True,False
2023,10,SEA,WAS,-6.0,0.4665625989437103,0,False,True
2023,10,TB,TEN,-2.5,0.6316418051719666,1,False,True
2023,11,HOU,ARI,-5.5,0.5232557058334351,0,False,True
2023,11,CIN,BAL,4.0,0.5633385181427002,0,False,False
2023,11,BUF,CHI,-8.0,0.5771853923797607,1,False,True
2023,11,CAR,DAL,11.0,0.41052481532096863,0,False,False
2023,11,MIN,CLE,2.5,0.4898979067802429,1,False,False
2023,11,PHI,DEN,2.5,0.44495922327041626,1,False,False
2023,11,NYJ,DET,8.0,0.6056929230690002,0,True,False
2023,11,LAC,GB,-3.0,0.44661691784858704,0,False,True
2023,11,JAX,TEN,-6.5,0.5407877564430237,1,False,True
2023,11,KC,PIT,-2.5,0.5146875381469727,0,True,True
2023,11,SEA,LA,2.5,0.564064621925354,1,False,False
2023,11,LV,MIA,14.0,0.4165601432323456,1,False,False
2023,11,NYG,WAS,7.5,0.4430118203163147,1,False,False
2023,11,TB,SF,13.5,0.4268852770328522,1,False,False
2023,12,BAL,ARI,-3.0,0.5337721109390259,1,False,True
2023,12,ATL,NO,2.0,0.637661337852478,1,False,False
2023,12,BUF,IND,2.5,0.6920443177223206,0,False,False
2023,12,CAR,TEN,3.5,0.5257328152656555,0,False,False
2023,12,MIN,CHI,-3.0,0.48963242769241333,0,False,True
2023,12,CIN,PIT,2.0,0.5753333568572998,0,False,False
2023,12,DEN,CLE,-1.5,0.5496322512626648,1,False,True
2023,12,WAS,DAL,13.0,0.49021121859550476,0,False,False
2023,12,GB,DET,8.5,0.5085861682891846,1,False,False
2023,12,JAX,HOU,-1.0,0.4823632836341858,1,False,True
2023,12,KC,LV,-9.0,0.4674389064311981,1,False,True
2023,12,LAC,LA,3.0,0.5671117305755615,0,False,False
2023,12,NYJ,MIA,9.5,0.4889087975025177,0,False,False
2023,12,NYG,NE,4.5,0.5376917123794556,1,False,False
2023,12,PHI,TB,-2.5,0.5617657899856567,1,False,True
2023,12,SEA,SF,7.0,0.5295078754425049,0,False,False
2023,13,ARI,PIT,6.0,0.4370964467525482,1,False,False
2023,13,NYJ,ATL,2.0,0.4463953673839569,0,False,False
2023,13,CAR,TB,4.0,0.5214647650718689,1,False,False
2023,13,CIN,JAX,10.0,0.6194928884506226,1,False,False
2023,13,CLE,HOU,3.5,0.536127507686615,0,False,False
2023,13,SEA,DAL,9.5,0.41792285442352295,1,False,False
2023,13,DEN,LA,3.5,0.5893891453742981,0,False,False
2023,13,NO,DET,4.0,0.5689424276351929,0,False,False
2023,13,GB,KC,5.5,0.4843261241912842,1,False,False
2023,13,TEN,IND,1.5,0.5990930199623108,0,False,False
2023,13,NE,LAC,4.5,0.6085066795349121,0,False,False
2023,13,WAS,MIA,8.5,0.3526364266872406,0,False,False
2023,13,SF,PHI,-3.0,0.538558840751648,1,False,True
2023,14,TB,ATL,1.5,0.505385160446167,1,False,False
2023,14,LA,BAL,7.5,0.7565802335739136,1,False,False
2023,14,BUF,KC,2.0,0.5566914677619934,1,False,False
2023,14,NO,CAR,-5.5,0.7001659870147705,1,False,True
2023,14,CHI,DET,3.0,0.5729567408561707,1,False,False
2023,14,DEN,CIN,3.0,0.6236956119537354,1,False,False
2023,14,JAX,CLE,2.5,0.5982799530029297,0,False,False
2023,14,PHI,DAL,3.5,0.46873152256011963,0,False,False
2023,14,NYG,GB,6.0,0.5492147207260132,1,False,False
2023,14,NYJ,HOU,3.5,0.5469568371772766,1,False,False
2023,14,LAC,IND,-3.0,0.5931186676025391,0,True,True
2023,14,MIN,LV,-3.0,0.4383853077888489,0,True,True
2023,14,MIA,TEN,-14.0,0.5212876796722412,0,False,True
2023,14,NE,PIT,6.0,0.6763976812362671,1,False,False
2023,14,SEA,SF,14.5,0.512840747833252,1,False,False
2023,15,ARI,SF,12.5,0.45594701170921326,0,False,False
2023,15,CAR,ATL,3.0,0.5755952000617981,1,False,False
2023,15,JAX,BAL,4.0,0.5203797817230225,0,False,False
2023,15,BUF,DAL,-2.0,0.4840877652168274,1,False,True
2023,15,CIN,CHI,-3.0,0.5061873197555542,0,True,True
2023,15,HOU,CLE,3.0,0.5372864603996277,1,False,False
2023,15,DET,DEN,-5.5,0.45656076073646545,1,False,True
2023,15,GB,TB,-4.0,0.4519849717617035,0,False,True
2023,15,PIT,IND,1.5,0.4651443064212799,0,False,False
2023,15,NE,KC,10.0,0.6870421171188354,0,True,False
2023,15,WAS,LA,6.5,0.49076128005981445,0,False,False
2023,15,LV,LAC,-3.0,0.4103948175907135,1,False,True
2023,15,NYJ,MIA,7.5,0.47872716188430786,0,False,False
2023,15,TEN,MIN,-3.0,0.5699547529220581,0,True,True
2023,15,NYG,NO,6.0,0.6078697443008423,0,False,False
2023,15,PHI,SEA,-5.0,0.602599024772644,0,False,True
2023,16,ARI,CHI,4.5,0.5417037010192871,0,False,False
2023,16,ATL,IND,-3.0,0.5261422395706177,1,False,True
2023,16,SF,BAL,-6.5,0.45040464401245117,0,False,True
2023,16,LAC,BUF,13.0,0.5257387161254883,1,False,False
2023,16,GB,CAR,-3.5,0.4520707130432129,0,False,True
2023,16,CIN,HOU,-3.0,0.4690234363079071,0,True,True
2023,16,PIT,CLE,3.0,0.5109776258468628,1,False,False
2023,16,DAL,MIA,1.5,0.5779240727424622,0,False,False
2023,16,NE,DEN,7.0,0.7355217337608337,1,False,False
2023,16,DET,MIN,-2.5,0.5502169132232666,1,False,True
2023,16,TB,JAX,2.0,0.6097158789634705,1,False,False
2023,16,KC,LV,-11.0,0.5744830369949341,0,False,True
2023,16,NO,LA,4.0,0.5580941438674927,0,False,False
2023,16,NYG,PHI,14.0,0.5661840438842773,1,False,False
2023,16,WAS,NYJ,3.0,0.5686535239219666,1,False,False
2023,16,TEN,SEA,3.0,0.5040221810340881,0,True,False
2023,17,ARI,PHI,12.0,0.5209534168243408,1,False,False
2023,17,ATL,BAL,3.0,0.7192347049713135,0,False,False
2023,17,NE,BUF,15.0,0.5154146552085876,1,False,False
2023,17,CAR,DEN,3.5,0.5907129049301147,0,False,False
2023,17,MIA,CHI,3.0,0.6404044032096863,0,False,False
2023,17,CIN,KC,7.5,0.43646010756492615,0,False,False
2023,17,NYJ,CLE,6.5,0.3480856716632843,0,False,False
2023,17,DET,DAL,5.5,0.6167782545089722,1,False,False
2023,17,GB,MIN,1.0,0.6016693115234375,1,False,False
2023,17,TEN,HOU,5.0,0.49282222986221313,0,False,False
2023,17,LAC,IND,3.5,0.5488173961639404,0,True,False
2023,17,LV,JAX,3.5,0.4889492988586426,1,False,False
2023,17,NYG,LA,6.0,0.5816448926925659,1,False,False
2023,17,TB,NO,-2.5,0.5501720309257507,0,False,True
2023,17,PIT,SEA,4.5,0.667043149471283,1,False,False
2023,17,WAS,SF,14.0,0.4912407696247101,0,False,False
2023,18,ARI,BUF,2.5,0.6257982850074768,1,False,False
2023,18,DET,ATL,-3.5,0.6924991011619568,1,False,True
2023,18,PIT,BAL,-3.0,0.5082250237464905,1,False,True
2023,18,CAR,TB,5.0,0.7043596506118774,0,False,False
2023,18,GB,CHI,-2.5,0.6006006002426147,1,False,True
2023,18,CIN,CLE,-7.5,0.4532456398010254,1,False,True
2023,18,DAL,WAS,-13.0,0.5387186408042908,1,False,True
2023,18,LAC,DEN,-3.5,0.6104320883750916,0,True,True
2023,18,HOU,IND,-1.5,0.6226021647453308,1,False,True
2023,18,TEN,JAX,3.5,0.6351554989814758,1,False,False
2023,18,KC,LV,3.5,0.6043439507484436,1,False,False
2023,18,LA,SF,5.5,0.6192964315414429,1,False,False
2023,18,SEA,MIA,-2.5,0.5584624409675598,0,True,True
2023,18,NO,MIN,-3.5,0.48441362380981445,1,False,True
2023,18,NYJ,NE,2.5,0.55145263671875,1,False,False
2023,18,NYG,PHI,4.5,0.5931468605995178,1,False,False
2024,1,ARI,BUF,6.5,0.5390385985374451,1,False,False
2024,1,PIT,ATL,4.0,0.5278324484825134,1,False,False
2024,1,BAL,KC,3.0,0.5407012701034546,0,False,False
2024,1,CAR,MIA,3.5,0.5271735787391663,0,True,False
2024,1,TEN,CHI,4.0,0.5438719391822815,0,False,False
2024,1,NE,CIN,8.0,0.5244109034538269,1,False,False
2024,1,DAL,CLE,2.5,0.5540456771850586,1,False,False
2024,1,DEN,SEA,6.5,0.5642787218093872,1,False,False
2024,1,LA,DET,5.0,0.5542042851448059,0,False,False
2024,1,GB,PHI,2.0,0.5415726900100708,0,False,False
2024,1,IND,HOU,3.0,0.524418830871582,1,False,False
2024,1,JAX,NO,3.5,0.5533798933029175,1,False,False
2024,1,LV,LAC,3.0,0.5218583345413208,0,False,False
2024,1,NYG,MIN,1.0,0.514650285243988,0,False,False
2024,1,NYJ,SF,3.5,0.5541481971740723,0,False,False
2024,1,WAS,TB,4.0,0.5595776438713074,0,False,False
2024,2,ARI,LA,1.0,0.5603571534156799,1,False,False
2024,2,ATL,PHI,5.5,0.5560574531555176,1,False,False
2024,2,LV,BAL,9.0,0.5174440741539001,1,False,False
2024,2,BUF,MIA,2.5,0.5471991896629333,1,False,False
2024,2,CAR,LAC,5.0,0.5216864943504333,0,False,False
2024,2,CHI,HOU,6.0,0.49503442645072937,0,True,False
2024,2,CIN,DAL,6.5,0.5479912757873535,1,False,False
2024,2,CLE,JAX,3.0,0.5516396164894104,1,False,False
2024,2,DEN,IND,3.0,0.5076659321784973,0,True,False
2024,2,TB,DET,7.5,0.5073662400245667,1,False,False
2024,2,GB,PIT,3.0,0.5518273115158081,1,False,False
2024,2,NO,KC,6.5,0.5141842365264893,1,False,False
2024,2,MIN,SF,4.5,0.5166218876838684,1,False,False
2024,2,NYJ,NE,-3.5,0.5157263278961182,1,False,True
2024,2,WAS,NYG,-1.5,0.5418818593025208,1,False,True
2024,2,TEN,SEA,3.5,0.5318819880485535,0,True,False
2024,3,ARI,DET,3.0,0.5348431468009949,0,False,False
2024,3,KC,ATL,-3.0,0.520783543586731,1,False,True
2024,3,BAL,DAL,-1.5,0.5682598948478699,1,False,True
2024,3,JAX,BUF,4.0,0.5632975697517395,0,False,False
2024,3,CAR,LV,5.5,0.5660492777824402,1,False,False
2024,3,IND,CHI,-1.5,0.5105884671211243,1,False,True
2024,3,WAS,CIN,7.5,0.5460917949676514,1,False,False
2024,3,NE,CLE,6.5,0.5022746920585632,0,True,False
2024,3,DEN,TB,6.0,0.5838481783866882,1,False,False
2024,3,GB,PIT,3.0,0.5420366525650024,1,False,False
2024,3,HOU,MIN,-2.0,0.5280508995056152,0,False,True
2024,3,LA,SF,6.0,0.5718468427658081,1,False,False
2024,3,LAC,TEN,3.0,0.44290292263031006,0,True,False
2024,3,MIA,SEA,4.0,0.5089834928512573,0,False,False
2024,3,PHI,NO,2.5,0.5006011128425598,1,False,False
2024,3,NYG,NYJ,6.5,0.5675408840179443,1,False,False
2024,4,SEA,ARI,3.5,0.4115290939807892,0,True,False
2024,4,ATL,BUF,-2.5,0.44608020782470703,0,True,True
2024,4,BAL,MIN,-2.5,0.5889932513237,1,False,True
2024,4,CAR,CIN,4.5,0.5200137495994568,0,False,False
2024,4,CHI,LA,-3.0,0.5029879212379456,1,False,True
2024,4,CLE,IND,-2.5,0.5253609418869019,0,False,True
2024,4,NYG,DAL,5.5,0.5961878895759583,1,False,False
2024,4,NYJ,DEN,-7.5,0.5269035696983337,0,False,True
2024,4,WAS,DET,3.5,0.5622447729110718,1,False,False
2024,4,NO,GB,2.5,0.47495636343955994,1,False,False
2024,4,JAX,HOU,5.5,0.5688103437423706,1,False,False
2024,4,LAC,KC,7.5,0.6094937324523926,1,False,False
2024,4,LV,PIT,2.5,0.5475085973739624,1,False,False
2024,4,MIA,TEN,-2.5,0.5332332253456116,0,False,True
2024,4,SF,NE,-10.5,0.5410921573638916,1,False,True
2024,4,TB,PHI,1.0,0.4472343325614929,1,False,False
2024,5,SEA,ARI,-7.0,0.5057846307754517,0,False,True
2024,5,ATL,DAL,-2.5,0.516480028629303,1,False,True
2024,5,BAL,CIN,-2.5,0.6565908789634705,1,False,True
2024,5,BUF,HOU,1.0,0.6210354566574097,0,False,False
2024,5,CAR,CHI,4.0,0.5278754234313965,0,False,False
2024,5,CLE,DEN,3.0,0.5753252506256104,0,False,False
2024,5,LA,GB,3.0,0.5093483328819275,0,False,False
2024,5,IND,JAX,3.5,0.49027401208877563,1,False,False
2024,5,KC,NO,-5.5,0.5702319145202637,1,False,True
2024,5,LV,WAS,3.0,0.6207460165023804,0,False,False
2024,5,NE,MIA,2.0,0.6148081421852112,0,False,False
2024,5,MIN,NYJ,-2.5,0.5658078193664551,1,False,True
2024,5,NYG,SF,7.0,0.4660991430282593,1,False,False
2024,5,TB,PIT,2.5,0.4975428283214569,0,True,False
2024,6,ARI,GB,5.5,0.501937985420227,0,False,False
2024,6,ATL,CAR,-6.0,0.5154674649238586,1,False,True
2024,6,BAL,WAS,-6.5,0.5198562741279602,1,False,True
2024,6,BUF,NYJ,-1.0,0.48102906346321106,1,False,True
2024,6,JAX,CHI,-1.5,0.5783671736717224,0,False,True
2024,6,CIN,NYG,-4.5,0.3954991400241852,1,False,True
2024,6,CLE,PHI,8.0,0.6248192191123962,1,False,False
2024,6,DET,DAL,-3.5,0.4709377586841583,1,False,True
2024,6,DEN,LAC,3.0,0.458797425031662,0,False,False
2024,6,NE,HOU,6.5,0.6059464812278748,0,False,False
2024,6,TEN,IND,-2.5,0.4305090010166168,0,False,True
2024,6,LV,PIT,3.5,0.4842785894870758,0,False,False
2024,6,SF,NO,-3.5,0.6888949275016785,1,False,True
2024,6,SEA,TB,3.5,0.6512084603309631,0,False,False
2024,7,ARI,LAC,1.0,0.5098310708999634,1,False,False
2024,7,HOU,ATL,3.0,0.5281115770339966,1,False,False
2024,7,BAL,TB,-4.5,0.6051957011222839,1,False,True
2024,7,TEN,BUF,9.5,0.4651865065097809,0,False,False
2024,7,WAS,CAR,-10.0,0.5018677711486816,1,False,True
2024,7,CLE,CIN,5.5,0.5650778412818909,0,False,False
2024,7,DEN,NO,-2.5,0.575764536857605,1,False,True
2024,7,DET,MIN,1.0,0.45194780826568604,1,False,False
2024,7,MIA,GB,3.0,0.605080783367157,0,True,False
2024,7,SEA,IND,3.0,0.4594305455684662,1,False,False
2024,7,NE,JAX,6.5,0.6335099339485168,0,False,False
2024,7,SF,KC,-2.5,0.5900149941444397,0,False,True
2024,7,LV,LA,7.0,0.5311743021011353,1,False,False
2024,7,NYG,NYJ,3.0,0.38088294863700867,0,True,False
2024,7,PIT,PHI,3.0,0.4981313645839691,1,False,False
2024,8,ARI,MIA,4.0,0.6330044865608215,1,False,False
2024,8,ATL,TB,-1.5,0.5155915021896362,1,False,True
2024,8,CLE,BAL,7.5,0.6438315510749817,1,False,False
2024,8,LA,BUF,3.0,0.5915185809135437,1,False,False
2024,8,CAR,DEN,13.0,0.5261340141296387,0,False,False
2024,8,CHI,WAS,1.5,0.5454954504966736,0,False,False
2024,8,CIN,PHI,-2.5,0.4759195148944855,0,False,True
2024,8,DAL,SF,5.5,0.3976137936115265,0,False,False
2024,8,TEN,DET,12.5,0.6612592339515686,0,False,False
2024,8,JAX,GB,3.5,0.5137506723403931,1,False,False
2024,8,HOU,IND,-5.0,0.47671955823898315,0,False,True
2024,8,KC,LV,-9.0,0.47287991642951965,0,False,True
2024,8,NO,LAC,7.0,0.3891359269618988,0,False,False
2024,8,MIN,SEA,-3.0,0.5290714502334595,0,True,True
2024,8,NYJ,NE,-7.0,0.5576815605163574,0,False,True
2024,8,PIT,NYG,-6.0,0.5185538530349731,1,False,True
2024,9,ARI,CHI,-1.5,0.565751314163208,1,False,True
2024,9,ATL,DAL,-3.0,0.4847768545150757,1,False,True
2024,9,BAL,DEN,-9.0,0.5393754839897156,1,False,True
2024,9,IND,BUF,6.5,0.5599246025085449,0,True,False
2024,9,NO,CAR,-7.0,0.6490887999534607,0,False,True
2024,9,LV,CIN,8.0,0.5171674489974976,0,False,False
2024,9,CLE,LAC,2.0,0.49109041690826416,0,False,False
2024,9,GB,DET,2.5,0.5874775052070618,0,False,False
2024,9,NYJ,HOU,-2.5,0.5324850082397461,1,False,True
2024,9,JAX,PHI,7.5,0.5967556238174438,1,False,False
2024,9,KC,TB,-9.0,0.4566963315010071,0,False,True
2024,9,LA,SEA,-1.5,0.5970507860183716,1,False,True
2024,9,MIA,MIN,6.5,0.5422801375389099,1,False,False
2024,9,NE,TEN,3.0,0.5238133668899536,0,True,False
2024,9,WAS,NYG,-4.5,0.5325014591217041,1,False,True
2024,10,ARI,NYJ,2.0,0.5415583848953247,1,False,False
2024,10,ATL,NO,-3.5,0.5766479969024658,0,False,True
2024,10,CIN,BAL,6.0,0.5456829071044922,1,False,False
2024,10,HOU,BUF,4.5,0.5722715258598328,1,False,False
2024,10,CAR,NYG,6.5,0.5884048342704773,1,False,False
2024,10,NE,CHI,6.5,0.44984161853790283,1,False,False
2024,10,PHI,DAL,-7.5,0.5226929783821106,1,False,True
2024,10,KC,DEN,-7.5,0.5175373554229736,0,False,True
2024,10,DET,IND,-4.5,0.5976226329803467,0,True,True
2024,10,JAX,MIN,7.0,0.593533456325531,1,False,False
2024,10,LA,MIA,-2.5,0.6301007270812988,0,False,True
2024,10,LAC,TEN,-8.0,0.4731979966163635,1,False,True
2024,10,WAS,PIT,-1.5,0.5133176445960999,0,False,True
2024,10,SF,TB,-6.5,0.4872378408908844,0,False,True
2024,11,ATL,DEN,2.0,0.5826513767242432,0,False,False
2024,11,BAL,PIT,-3.0,0.6256965398788452,0,False,True
2024,11,KC,BUF,2.5,0.5420209765434265,0,False,False
2024,11,CHI,GB,6.0,0.6514723896980286,1,False,False
2024,11,LAC,CIN,-1.0,0.4620848000049591,1,False,True
2024,11,NO,CLE,1.0,0.5120357871055603,1,False,False
2024,11,HOU,DAL,-7.5,0.5556284189224243,1,False,True
2024,11,DET,JAX,-14.0,0.5790389180183411,1,False,True
2024,11,IND,NYJ,4.0,0.5757424831390381,1,False,False
2024,11,LA,NE,-4.0,0.6272864937782288,1,False,True
2024,11,MIA,LV,-8.0,0.517448365688324,1,False,True
2024,11,TEN,MIN,6.0,0.39922788739204407,0,False,False
2024,11,PHI,WAS,-4.5,0.6320714950561523,1,False,True
2024,11,SF,SEA,-6.0,0.49006423354148865,0,False,True
2024,12,SEA,ARI,1.0,0.5714030861854553,1,False,False
2024,12,CHI,BAL,3.0,0.4707445800304413,0,False,False
2024,12,KC,CAR,-11.0,0.5882381796836853,0,False,True
2024,12,PIT,CLE,-3.5,0.5094199776649475,0,False,True
2024,12,DAL,WAS,10.5,0.5238457918167114,1,False,False
2024,12,DEN,LV,-6.5,0.48995089530944824,1,False,True
2024,12,DET,IND,-7.0,0.46599090099334717,1,False,True
2024,12,SF,GB,6.5,0.4784265160560608,0,False,False
2024,12,TEN,HOU,8.0,0.4459458887577057,1,False,False
2024,12,LA,MIN,3.0,0.4845295548439026,0,True,False
2024,12,LAC,PHI,3.0,0.5597720146179199,0,False,False
2024,12,MIA,NE,-7.5,0.5694153904914856,1,False,True
2024,12,NYG,TB,6.5,0.6207612156867981,0,False,False
2024,13,ARI,GB,3.5,0.6681533455848694,1,False,False
2024,13,ATL,LAC,1.0,0.5413568615913391,0,False,False
2024,13,PHI,BAL,3.0,0.6286173462867737,1,False,False
2024,13,CLE,BUF,6.5,0.534217357635498,0,False,False
2024,13,TB,CAR,-6.5,0.5167049765586853,0,False,True
2024,13,DET,CHI,-9.5,0.5087869167327881,0,False,True
2024,13,PIT,CIN,3.0,0.3652137219905853,1,False,False
2024,13,DAL,NYG,-4.5,0.5557956099510193,1,False,True
2024,13,DEN,SF,-6.5,0.45875030755996704,1,False,True
2024,13,HOU,JAX,-3.5,0.5815348029136658,0,False,True
2024,13,NE,IND,2.5,0.545197069644928,1,False,False
2024,13,KC,LV,-13.5,0.47304102778434753,0,False,True
2024,13,LA,NO,-2.5,0.6107262372970581,1,False,True
2024,13,MIA,MIN,3.5,0.6008874773979187,0,True,False
2024,13,NYJ,SEA,-1.0,0.5729894638061523,0,False,True
2024,13,TEN,WAS,6.0,0.7246940732002258,0,False,False
2024,14,ARI,CHI,-3.0,0.5267559885978699,0,True,True
2024,14,ATL,MIN,6.0,0.4786781072616577,0,False,False
2024,14,LA,BUF,3.5,0.5275293588638306,1,False,False
2024,14,PHI,CAR,-14.0,0.4415307939052582,0,False,True
2024,14,DAL,CIN,5.0,0.5142002701759338,0,False,False
2024,14,CLE,PIT,6.0,0.4857785105705261,0,False,False
2024,14,GB,DET,3.0,0.5732494592666626,0,True,False
2024,14,JAX,SF,3.0,0.550581157207489,1,False,False
2024,14,LAC,KC,5.0,0.5603312253952026,1,False,False
2024,14,LV,TB,7.0,0.5680475234985352,0,False,False
2024,14,NYJ,MIA,6.5,0.677757978439331,1,False,False
2024,14,NYG,NO,5.5,0.557653546333313,1,False,False
2024,14,TEN,SEA,-3.0,0.5164183378219604,0,False,True
2024,15,NE,ARI,6.0,0.5716193914413452,0,True,False
2024,15,CLE,ATL,4.0,0.5307840704917908,0,True,False
2024,15,NYG,BAL,16.0,0.4765527844429016,0,True,False
2024,15,BUF,DET,2.5,0.5735429525375366,0,True,False
2024,15,DAL,CAR,3.0,0.540734589099884,0,True,False
2024,15,CHI,MIN,6.5,0.5538468956947327,0,True,False
2024,15,TEN,CIN,5.0,0.5407665371894836,0,True,False
2024,15,DEN,IND,-4.0,0.5925705432891846,0,True,True
2024,15,GB,SEA,-2.5,0.7094274163246155,0,True,True
2024,15,MIA,HOU,2.5,0.5322677493095398,0,True,False
2024,15,NYJ,JAX,-3.0,0.5176720023155212,0,True,True
2024,15,LV,KC,4.0,0.523547887802124,0,True,False
2024,15,LA,LAC,3.0,0.5538604259490967,0,True,False
2024,15,NO,WAS,7.5,0.5057262778282166,0,True,False
2024,15,PIT,PHI,5.5,0.5366625189781189,0,True,False
2024,15,TB,SF,3.0,0.5461969971656799,0,True,False
